stableId,domain,sanitizedIdentity,productionEvidenceHash,productionEvidenceReference,reason,proposedClassification,automationConfidence,humanConfirmationRequired,cutoverImpact,auditFingerprint,finalHumanDisposition,reviewer,reviewedAt,humanNotes
"p14-production-only-00b15a18b4bc4cca712bcf65","editorial-redirect","editorial-redirect:1e04fb086b33000922c9a70a","4067fcdcc6b4a57fb1f36cedd319d01ef1f91369050f48f3020307db1608cd9e","private:normalized.v1.json#contentRecords/editorial-redirect:1e04fb086b33000922c9a70a","Current redirect decision metadata is expected system state outside the Phase 13 target/asset comparison set; it is not an active redirect.","expected_system_record","high","owner","redirect-disposition-confirmation-required","f76e4022132a9e6a87fe574eee5e4523e4f9ed267729f70361bdfcb9f38365f3","","","",""
"p14-production-only-027e37df9e583311a44bc176","editorial-redirect","editorial-redirect:f731252fd43b5cd78866923a","419dcd8d4d98543469b19ec51654d1fce5e0158ee3954f450348fc918c9730f7","private:normalized.v1.json#contentRecords/editorial-redirect:f731252fd43b5cd78866923a","Current redirect decision metadata is expected system state outside the Phase 13 target/asset comparison set; it is not an active redirect.","expected_system_record","high","owner","redirect-disposition-confirmation-required","79459636b0cbf5fc7527fe9aca1f0abdac55833da8a02afc506cd968b11eb732","","","",""
"p14-production-only-02d71e3c0abeaeff5808bde7","editorial-target","editorial-target:7e446514c108759b282be4d0","b7db1f3283a5378ee67adc29956dc8866bba90b534eee7e58193a78c2f5f1dab","private:normalized.v1.json#contentRecords/editorial-target:7e446514c108759b282be4d0","Current editorial control metadata represents a matched imported target but has no separate Phase 13 comparison row.","expected_operational_metadata","high","owner","owner-confirmation-required-before-cutover","9045de9a3333be03ab99583a9df75df62ac606cf76b1f17ddedbb3350102902e","","","",""
"p14-production-only-02de64f91200c9074e676b7f","editorial-redirect","editorial-redirect:502719147f8fc9595d287f7b","79fe8227c33a48f5fec7acef7fb267b9d565b55e10bb4c7b989c2af8c48cd530","private:normalized.v1.json#contentRecords/editorial-redirect:502719147f8fc9595d287f7b","Current redirect decision metadata is expected system state outside the Phase 13 target/asset comparison set; it is not an active redirect.","expected_system_record","high","owner","redirect-disposition-confirmation-required","1bf112fde03ff225c383dd84bb2a3794b8038546a74203e4aba5ea214753d9bc","","","",""
"p14-production-only-0349e323b31aba86b3d42883","editorial-target","editorial-target:2ee15a5756b8b3b459c42695","53acddda46d85bc21dae7011ec8b06440a7b333ee6159384419b5f5b22b805c8","private:normalized.v1.json#contentRecords/editorial-target:2ee15a5756b8b3b459c42695","Current editorial control metadata represents a matched imported target but has no separate Phase 13 comparison row.","expected_operational_metadata","high","owner","owner-confirmation-required-before-cutover","32ee154b0937fab20b4ec30d3c2157718d71315dc5db9454a3a6fb3b38f2c969","","","",""
"p14-production-only-0390b09a4c0868ad4e335338","editorial-redirect","editorial-redirect:597e590621a214c46f44b23b","e3f32ede8565972e8bb61ce6268dbba95fd2def4e6700aa0aa86a46bb12c90ee","private:normalized.v1.json#contentRecords/editorial-redirect:597e590621a214c46f44b23b","Current redirect decision metadata is expected system state outside the Phase 13 target/asset comparison set; it is not an active redirect.","expected_system_record","high","owner","redirect-disposition-confirmation-required","082e8fce4abfe56a386d6b2d5fe6298da87ce85b8d68ad5faed8ad1272ce626c","","","",""
"p14-production-only-060b747a00e3efeec9883a6a","editorial-target","editorial-target:7d9542abad37e10717e2b6eb","30a3e96674cc9bea2f468bae084d2b9cffab2007bf9e0c854c304c9fc4636c79","private:normalized.v1.json#contentRecords/editorial-target:7d9542abad37e10717e2b6eb","Current editorial control metadata represents a matched imported target but has no separate Phase 13 comparison row.","expected_operational_metadata","high","owner","owner-confirmation-required-before-cutover","81ca8fa0d002109cd30d370dd0d892c411be704b5e982632825bac7c15c347bc","","","",""
"p14-production-only-07536136b9175ae85e0719aa","editorial-redirect","editorial-redirect:19964eae1ea3b7917d0ce3fe","aad3ad28190b9688f4f1cd71216dc4b7a3006a59458917678dd9e2e77ea98fad","private:normalized.v1.json#contentRecords/editorial-redirect:19964eae1ea3b7917d0ce3fe","Current redirect decision metadata is expected system state outside the Phase 13 target/asset comparison set; it is not an active redirect.","expected_system_record","high","owner","redirect-disposition-confirmation-required","a294740f2e6bfd7cf5d4b66a6ac6498a898c136d2491701c63084c4edade0bc5","","","",""
"p14-production-only-07a6c170088c0ae2de3cfbc6","editorial-target","editorial-target:6c6fc1e8efda89172cdfe1f1","3f7fcfc49cae0b54bef0eb21c0a287a2f2aa2098bac0fbcce9649e541d48aaa2","private:normalized.v1.json#contentRecords/editorial-target:6c6fc1e8efda89172cdfe1f1","Current editorial control metadata represents a matched imported target but has no separate Phase 13 comparison row.","expected_operational_metadata","high","owner","owner-confirmation-required-before-cutover","109a398e30f599a18b3925cfa7ebbed55d48bf5ddaaa4c7e629cbacdaa0ee2f1","","","",""
"p14-production-only-0a18dc42968613f2b75971e8","editorial-redirect","editorial-redirect:a5d1a06f392dc652d5275229","d9dfe51b5430084cdafe5617de07363591c337e352e955f52f27418d47f7415c","private:normalized.v1.json#contentRecords/editorial-redirect:a5d1a06f392dc652d5275229","Current redirect decision metadata is expected system state outside the Phase 13 target/asset comparison set; it is not an active redirect.","expected_system_record","high","owner","redirect-disposition-confirmation-required","cc7c18d514147229fea86b689525dafdd58ec3cd2727ae5c607e6819d1a20a5c","","","",""
"p14-production-only-0dac1a484f8093ea09490a26","editorial-redirect","editorial-redirect:a12efc06a9eac04254d4cc6a","81e67a3d019dd07737eca73e5014ac4e5d6b1b04e3e9464c740e2b57a3731cfd","private:normalized.v1.json#contentRecords/editorial-redirect:a12efc06a9eac04254d4cc6a","Current redirect decision metadata is expected system state outside the Phase 13 target/asset comparison set; it is not an active redirect.","expected_system_record","high","owner","redirect-disposition-confirmation-required","8fcf09ba8e4c525bb11de14edd586697b88ddb12fb3442334efb936d5e913f3f","","","",""
"p14-production-only-0ec83b8595bc72043ae95ede","editorial-target","editorial-target:a7db3becf3ad6b6bbaf4a8f7","7af09ba978855b1921bf5820768033ec4685e739504455d90669956fe988d0ab","private:normalized.v1.json#contentRecords/editorial-target:a7db3becf3ad6b6bbaf4a8f7","Current editorial control metadata represents a matched imported target but has no separate Phase 13 comparison row.","expected_operational_metadata","high","owner","owner-confirmation-required-before-cutover","a97dd3760bc50e6c9e56f9f5a171cdf88acdc0bd1ee34a9904cf7ffe8fe8ce15","","","",""
"p14-production-only-10dd8bae8245ed70c69789f2","editorial-target","editorial-target:25019d7416c3c8b502294f7b","0062098871c0a401cdac2ce001259628c5ec610853c5fd4dd8c52071ed8e9aac","private:normalized.v1.json#contentRecords/editorial-target:25019d7416c3c8b502294f7b","Current editorial control metadata represents a matched imported target but has no separate Phase 13 comparison row.","expected_operational_metadata","high","owner","owner-confirmation-required-before-cutover","8c89cf51b8cc511c82c17f731d1874ff26062963ec183b0da3e7b59ead7612a3","","","",""
"p14-production-only-1137c4bb030c7e3e37436ad4","editorial-target","editorial-target:031730edb0f299baac6437ab","ca19590d8d0ad14f1e8539b84a635ea5b6b69cdae06578f1de42eada0c33340a","private:normalized.v1.json#contentRecords/editorial-target:031730edb0f299baac6437ab","Current editorial control metadata represents a matched imported target but has no separate Phase 13 comparison row.","expected_operational_metadata","high","owner","owner-confirmation-required-before-cutover","3036b5cbdb9dacd3b98a7692df2a733fac5e72f0e6087a523d9e747503f2f1b1","","","",""
"p14-production-only-11d808acf1a6e398b083d029","editorial-target","editorial-target:c667a726b1c1b4cf45d5bae5","778844981023814daa0a596b2a3b7dc42dfe99183afd7ea840b4c00b3e64faaa","private:normalized.v1.json#contentRecords/editorial-target:c667a726b1c1b4cf45d5bae5","Current editorial control metadata represents a matched imported target but has no separate Phase 13 comparison row.","expected_operational_metadata","high","owner","owner-confirmation-required-before-cutover","cfb17db2bded074a908fa4c107941ffc9049a5bbfc65bfe8730741ee67bd70e1","","","",""
"p14-production-only-199d96c8e4354c2ab5582c5c","editorial-target","editorial-target:8f6230dc781b463342423674","b8957595d351255911b0919dde5590ecb384a54d866e1d9dd5bb06df47365425","private:normalized.v1.json#contentRecords/editorial-target:8f6230dc781b463342423674","Current editorial control metadata represents a matched imported target but has no separate Phase 13 comparison row.","expected_operational_metadata","high","owner","owner-confirmation-required-before-cutover","0ad0e52f880d761403537a65a67d2386a49caed6a3405a2513e8bca1499d0f9c","","","",""
"p14-production-only-19ae3f732ceeb87d15cdf30e","editorial-redirect","editorial-redirect:0d6efee00cbbce5e192a09cc","b4c096c0b17833057ba5f847b53bd1fb462a237592b93f1f2a81e4ab615ad70f","private:normalized.v1.json#contentRecords/editorial-redirect:0d6efee00cbbce5e192a09cc","Current redirect decision metadata is expected system state outside the Phase 13 target/asset comparison set; it is not an active redirect.","expected_system_record","high","owner","redirect-disposition-confirmation-required","b9124074d8edfedaf347f76c414b59ff1af6fe704dbf842f1ac068b603968b12","","","",""
"p14-production-only-1a41122e2ad4a238e71c4d0a","editorial-redirect","editorial-redirect:d87429434091914a17a8a74c","dcb1ae0131a7d9b36b272f2a9d2372ead5fa2f82d059a03b433da8bbf1a45240","private:normalized.v1.json#contentRecords/editorial-redirect:d87429434091914a17a8a74c","Current redirect decision metadata is expected system state outside the Phase 13 target/asset comparison set; it is not an active redirect.","expected_system_record","high","owner","redirect-disposition-confirmation-required","984fd09cb23099de256608215f1f8d7f241142ecc885f83f302687e708956e7b","","","",""
"p14-production-only-1c1a3a7a22b4d1be283f12a9","editorial-redirect","editorial-redirect:5d0285972cff6d038169b294","a0b197c9f593ceddd8f9fb90d72cdfa3e5788a7676e4cece5218b2eefdce3d8a","private:normalized.v1.json#contentRecords/editorial-redirect:5d0285972cff6d038169b294","Current redirect decision metadata is expected system state outside the Phase 13 target/asset comparison set; it is not an active redirect.","expected_system_record","high","owner","redirect-disposition-confirmation-required","aa0bf94c036744b5a7c00c4ce5e96065a8c3380345e0dbee39f270cd80558655","","","",""
"p14-production-only-1ef02d0705e729b2d6cbbadf","editorial-redirect","editorial-redirect:45cd587c42cffa6f411007ec","b8e84a756d23c8d575d44ccf961e95fac705c437c04ecfebdfb980188e2d36b2","private:normalized.v1.json#contentRecords/editorial-redirect:45cd587c42cffa6f411007ec","Current redirect decision metadata is expected system state outside the Phase 13 target/asset comparison set; it is not an active redirect.","expected_system_record","high","owner","redirect-disposition-confirmation-required","daef81a5821119990b7e0796cf9b6ca2af92cc008f879c7b188c1cf6a11fa595","","","",""
"p14-production-only-21270f63137a1342107e312f","editorial-target","editorial-target:d8e66855a281cd96943705fe","d6066fad06656b0a7e63f6078520fff560798d7c038b226c83ccd7fd1e2b8959","private:normalized.v1.json#contentRecords/editorial-target:d8e66855a281cd96943705fe","Current editorial control metadata represents a matched imported target but has no separate Phase 13 comparison row.","expected_operational_metadata","high","owner","owner-confirmation-required-before-cutover","6718c9c55d353ad4678453edad3652324bef7cd8fab59f4266e408427d2cdeaa","","","",""
"p14-production-only-2132feb89b05e93be1d8f030","site-settings","site-settings:7b90dfaf1b1f9aa2e91ccfad","b832ae96245f96165e9eb7ec652a9c962c6753bfe875a2e08fc6f62971a45783","private:normalized.v1.json#contentRecords/site-settings:7b90dfaf1b1f9aa2e91ccfad","The singleton site-settings record is expected system configuration outside the Phase 13 migration comparison set.","expected_system_record","high","owner-and-admin","configuration-confirmation-required","4109a4f4721822a14c2965413067c841a95b594bfbe054f01b302d73d8f8c059","","","",""
"p14-production-only-22567e6bb3ad4715c97db62a","editorial-redirect","editorial-redirect:4dfb1de5b3a79b33b48dbd12","b5fa757ef96adb62e54ded12830c9efe15522be9812c6730368c688fca45882a","private:normalized.v1.json#contentRecords/editorial-redirect:4dfb1de5b3a79b33b48dbd12","Current redirect decision metadata is expected system state outside the Phase 13 target/asset comparison set; it is not an active redirect.","expected_system_record","high","owner","redirect-disposition-confirmation-required","fb7a6c4b2a81a6c98592de81ad27e8270ab748f26ad1996f83e23438d7a7efeb","","","",""
"p14-production-only-23cddcffd5c3e8e529b1095e","editorial-target","editorial-target:dcef6469d1180cdc7ae206ff","1ea2ac90144fb91085c16f7ba8a4a1bc81851266b0c906305de02737f4a588b8","private:normalized.v1.json#contentRecords/editorial-target:dcef6469d1180cdc7ae206ff","Current editorial control metadata represents a matched imported target but has no separate Phase 13 comparison row.","expected_operational_metadata","high","owner","owner-confirmation-required-before-cutover","b8667191e0048c5f715a0e527c0a6a8205dcccf95ee3550fc41644d127bd98d1","","","",""
"p14-production-only-2490c3b4e14195ee3d031e64","editorial-target","editorial-target:fe6cb8ead3d8543617ca8984","d42529dc75c085eee1ff130a5bc53b00bfdb7afb2eb5fed0a2fdf48c147b1221","private:normalized.v1.json#contentRecords/editorial-target:fe6cb8ead3d8543617ca8984","Current editorial control metadata represents a matched imported target but has no separate Phase 13 comparison row.","expected_operational_metadata","high","owner","owner-confirmation-required-before-cutover","7ada71e41fbf268ebba4a226b19f4e0ef38ae4b6e3c7ad1f60cbbe55e7e491a4","","","",""
"p14-production-only-25147b3b4f92d813e24a398b","editorial-target","editorial-target:2c7f1facbb5598180aa882b8","0a8b25370673b88b3c67bca1bfbbac548615a851f1106fa8581ea51a167fa3e6","private:normalized.v1.json#contentRecords/editorial-target:2c7f1facbb5598180aa882b8","Current editorial control metadata represents a matched imported target but has no separate Phase 13 comparison row.","expected_operational_metadata","high","owner","owner-confirmation-required-before-cutover","9a9494d1b773a768f42ad74743557f9bab301d44c08046875b15e8bfccc31c88","","","",""
"p14-production-only-287a20f4e1fabe9e3919734e","editorial-target","editorial-target:e1a40ee636c15dab10a71366","d5f8fc4a74ee2cb777b9e234e54147ab8583f6050b26fd21358ae204bc21ed3c","private:normalized.v1.json#contentRecords/editorial-target:e1a40ee636c15dab10a71366","Current editorial control metadata represents a matched imported target but has no separate Phase 13 comparison row.","expected_operational_metadata","high","owner","owner-confirmation-required-before-cutover","b96a48b9cca96dbdb09fbaa1c92f7b30530e352ce02784ac0fa9630e6ff2f7d4","","","",""
"p14-production-only-2b177b7ac8a4ebaf5fcc453a","editorial-redirect","editorial-redirect:287a78c19d796157fcbc6081","ce99cb5b7edd1c35c6bc7f7bff32484f9188375065495b45bfb2dec33ecc76df","private:normalized.v1.json#contentRecords/editorial-redirect:287a78c19d796157fcbc6081","Current redirect decision metadata is expected system state outside the Phase 13 target/asset comparison set; it is not an active redirect.","expected_system_record","high","owner","redirect-disposition-confirmation-required","de5d69147bc3a3929fc5902a8241d0024df0204c006aa509be46156e7aadec81","","","",""
"p14-production-only-2b2996dbfc794cd05fe0fcde","editorial-redirect","editorial-redirect:e0429e2784b9779e849198ed","7851c960056495ff2bc4226ca53e9bc7b77142d9bea1ce5bf837e16003ae8e5b","private:normalized.v1.json#contentRecords/editorial-redirect:e0429e2784b9779e849198ed","Current redirect decision metadata is expected system state outside the Phase 13 target/asset comparison set; it is not an active redirect.","expected_system_record","high","owner","redirect-disposition-confirmation-required","1d5ce64602967e3029d7d9878d981896cfe868578b1ea69ee6486d2b8cb5e2f1","","","",""
"p14-production-only-2be3d54bee3dc989ab84f3c4","editorial-target","editorial-target:2fcbc11f726fbe6d279abd1d","13148b11ae0ae618d2af02394918179496dddd45736c1fb3ea234b9e1e7c7ce8","private:normalized.v1.json#contentRecords/editorial-target:2fcbc11f726fbe6d279abd1d","Current editorial control metadata represents a matched imported target but has no separate Phase 13 comparison row.","expected_operational_metadata","high","owner","owner-confirmation-required-before-cutover","cd69ce636c38190930f1684ff43581603c10eb4f5d7ed58a98fcde58de651c86","","","",""
"p14-production-only-2e01bf97360cb0a542388f78","editorial-redirect","editorial-redirect:d23e4379884f87d2ee46c9c5","6a7e0afcdf43c88e5992516099bec276c8211cd5663113da7f384943916a9911","private:normalized.v1.json#contentRecords/editorial-redirect:d23e4379884f87d2ee46c9c5","Current redirect decision metadata is expected system state outside the Phase 13 target/asset comparison set; it is not an active redirect.","expected_system_record","high","owner","redirect-disposition-confirmation-required","cc6ece3c021ba7b4f81af76b7b23613ffc04f0d66782123f2183d0bbadbb442b","","","",""
"p14-production-only-305555d4ca69bf6b4cbdc820","editorial-redirect","editorial-redirect:c394328aefe3f746fb1266da","ec0cb8666d597e767221b9afcb21465c4f686dbadc4740b6a15f3d8bc97e94c5","private:normalized.v1.json#contentRecords/editorial-redirect:c394328aefe3f746fb1266da","Current redirect decision metadata is expected system state outside the Phase 13 target/asset comparison set; it is not an active redirect.","expected_system_record","high","owner","redirect-disposition-confirmation-required","6474e550bac8b3f8b70b6ddd00543d21b0b84cf33a8c7a0787ef64bf17ae5d99","","","",""
"p14-production-only-30c69d4377878cd6bfea0e61","editorial-target","editorial-target:e9156d6ec3cfc0498da55cee","c1a2e64eee0ccb58dffa5aa574bc10dec573c9215183005672b11380c93587ce","private:normalized.v1.json#contentRecords/editorial-target:e9156d6ec3cfc0498da55cee","Current editorial control metadata represents a matched imported target but has no separate Phase 13 comparison row.","expected_operational_metadata","high","owner","owner-confirmation-required-before-cutover","46aca94387a1403fc28d332910dcc619bc064800d959030e07e249b1ea9e5f02","","","",""
"p14-production-only-3511d1ee1262523391729caa","editorial-redirect","editorial-redirect:a3a6a19bacd3e640e9383f4a","cfac660b04f65a678160f258aa9d030f932febf63e5f3d0de7cea998ee6fd854","private:normalized.v1.json#contentRecords/editorial-redirect:a3a6a19bacd3e640e9383f4a","Current redirect decision metadata is expected system state outside the Phase 13 target/asset comparison set; it is not an active redirect.","expected_system_record","high","owner","redirect-disposition-confirmation-required","8481da08f3aad456e32c1cabfde7994277e04a175002ea9a291d811bd3c6592e","","","",""
"p14-production-only-360c798b65c23505eecb2003","editorial-target","editorial-target:26443f8bc3105d1294b35f18","44ddd92598a382610332892093b984ab9331a6503f811fe754b480c86ea89682","private:normalized.v1.json#contentRecords/editorial-target:26443f8bc3105d1294b35f18","Current editorial control metadata represents a matched imported target but has no separate Phase 13 comparison row.","expected_operational_metadata","high","owner","owner-confirmation-required-before-cutover","716bfb5bedf7a77c98130baf286936e6c98c1ce9fb05649672b6af8a730c94cc","","","",""
"p14-production-only-361de50d252ec22a8e3eee3b","editorial-target","editorial-target:353d8bee1a4de0e10876c48c","59c345352c60d8ceee2695ebf4eb0bf8d349c7e830fadbb703d670c7aef35433","private:normalized.v1.json#contentRecords/editorial-target:353d8bee1a4de0e10876c48c","Current editorial control metadata represents a matched imported target but has no separate Phase 13 comparison row.","expected_operational_metadata","high","owner","owner-confirmation-required-before-cutover","80308fbb81c7c6d7a3a0756a56e5deb412c336a3049a883ed6cd41772a0deeb4","","","",""
"p14-production-only-368f3493e7eac37b38e07ad9","editorial-target","editorial-target:3c3e0ba1a4f3689148c85bd3","421bd7cf37516329dc5d9fdf13db4e313392f06197b79363a5b773565c39591b","private:normalized.v1.json#contentRecords/editorial-target:3c3e0ba1a4f3689148c85bd3","Current editorial control metadata represents a matched imported target but has no separate Phase 13 comparison row.","expected_operational_metadata","high","owner","owner-confirmation-required-before-cutover","ee95e54e976569e2e6b9fb47196a6b178d1bd08200aa2bf9bdedab2870ec054f","","","",""
"p14-production-only-38f35b2953d812923764a114","editorial-redirect","editorial-redirect:c532eae04096d76e3b56822e","37320b1a45cf06dd89e9f8f64e6664fad23def8a08a14bb90acf69eccbc7c76e","private:normalized.v1.json#contentRecords/editorial-redirect:c532eae04096d76e3b56822e","Current redirect decision metadata is expected system state outside the Phase 13 target/asset comparison set; it is not an active redirect.","expected_system_record","high","owner","redirect-disposition-confirmation-required","400cb33e368596d2491405290d9eafdea90626c319c8c7792257929da79254fb","","","",""
"p14-production-only-38fd31a20cf4fcda9d1663e6","editorial-redirect","editorial-redirect:46f6183e5c1d52e956506121","74fb45ec52208898912f96b6954467a85868f949a84760832d4f2798969e7c10","private:normalized.v1.json#contentRecords/editorial-redirect:46f6183e5c1d52e956506121","Current redirect decision metadata is expected system state outside the Phase 13 target/asset comparison set; it is not an active redirect.","expected_system_record","high","owner","redirect-disposition-confirmation-required","c87e2f2ba74e14364a10de9e3f5b0d7de8727183595f6390bcf9cc4f12ff28e7","","","",""
"p14-production-only-3a2efe7edfb5364427dc7a32","editorial-redirect","editorial-redirect:7278502e0ee890661d8ca964","11363119080203246f9146ebfe6337733129e2e1329edefea10ea73c9b15d243","private:normalized.v1.json#contentRecords/editorial-redirect:7278502e0ee890661d8ca964","Current redirect decision metadata is expected system state outside the Phase 13 target/asset comparison set; it is not an active redirect.","expected_system_record","high","owner","redirect-disposition-confirmation-required","e261eb8cf253d63dd5888e97e707a148c3f937e51b972886127bef2c7ce591b5","","","",""
"p14-production-only-3c04668335e50d50fb2e09b0","editorial-redirect","editorial-redirect:05d34c03d7739aee79119a9e","7fc7b167ecc0f29b2ddc1e7d273de3aca9a4cf2996b4ebf7dc620c563de59162","private:normalized.v1.json#contentRecords/editorial-redirect:05d34c03d7739aee79119a9e","Current redirect decision metadata is expected system state outside the Phase 13 target/asset comparison set; it is not an active redirect.","expected_system_record","high","owner","redirect-disposition-confirmation-required","8022da9c4fa98419c5e9ffd94841e7f646f393e96c3a2a2d9d6fcfa1a8605da4","","","",""
"p14-production-only-3f8bb8d73c5e50d4163b689c","editorial-target","editorial-target:649e46917154832f04e2985a","1ec03053c68645b606266c9d76a24a9a0035c48942372853fe1cb6fd0b255aee","private:normalized.v1.json#contentRecords/editorial-target:649e46917154832f04e2985a","Current editorial control metadata represents a matched imported target but has no separate Phase 13 comparison row.","expected_operational_metadata","high","owner","owner-confirmation-required-before-cutover","b19edd115e5bffb5bb0334459ac50c4118f772b24065046a6491517c33b11a6e","","","",""
"p14-production-only-4237dcf675233f65470583b0","editorial-redirect","editorial-redirect:dfe7222774b2391e26d301a4","f1f53d1b4476652d521a30b1e0a738a0cbd854b6eba87b955a6e404c297c6ec6","private:normalized.v1.json#contentRecords/editorial-redirect:dfe7222774b2391e26d301a4","Current redirect decision metadata is expected system state outside the Phase 13 target/asset comparison set; it is not an active redirect.","expected_system_record","high","owner","redirect-disposition-confirmation-required","2f905997a3612e772a2fb37ca0963720bbde1b23aef36539809abc00df8df72d","","","",""
"p14-production-only-43059465159435446cd8acee","editorial-target","editorial-target:f1dc370ca5c15cbd87913df1","8297956db34879ff16c85408fef81141b577a7a2903685c0b0977e7960c94665","private:normalized.v1.json#contentRecords/editorial-target:f1dc370ca5c15cbd87913df1","Current editorial control metadata represents a matched imported target but has no separate Phase 13 comparison row.","expected_operational_metadata","high","owner","owner-confirmation-required-before-cutover","ea7dd204822749f9c51e3bb28600535a35e3f4732cd64e6490e985f9bb8e64e5","","","",""
"p14-production-only-43463ac1cb99db9535b75ce2","editorial-target","editorial-target:c21f7360aecf540db3243b5b","c6120c7f2188ee13cc6c8d9b34ebfd1923846a2e670207f2622763e0f471e4e1","private:normalized.v1.json#contentRecords/editorial-target:c21f7360aecf540db3243b5b","Current editorial control metadata represents a matched imported target but has no separate Phase 13 comparison row.","expected_operational_metadata","high","owner","owner-confirmation-required-before-cutover","50043499a95bd6c9e3bea07c5cf766d7114706091ef7975cdcfffb98ec6ef053","","","",""
"p14-production-only-45276005935025ae3fd65ed4","editorial-redirect","editorial-redirect:5ba1d2d3bf9b39c68700db56","a1fb9db203e08548d50f29ec0a3a73839dfffb35f9136160c6f251abccfae838","private:normalized.v1.json#contentRecords/editorial-redirect:5ba1d2d3bf9b39c68700db56","Current redirect decision metadata is expected system state outside the Phase 13 target/asset comparison set; it is not an active redirect.","expected_system_record","high","owner","redirect-disposition-confirmation-required","0ea68cf27410815b83c6f7a90556106ff5bb5530d44139a3807791dc379bab26","","","",""
"p14-production-only-45a037dc6b003bd2de27ae87","editorial-redirect","editorial-redirect:7546f151db41bc003e0fd40f","dcef4b5c353be50f057454002e8f0c98b686ca2028a4b91102d77ea3fa5aac4a","private:normalized.v1.json#contentRecords/editorial-redirect:7546f151db41bc003e0fd40f","Current redirect decision metadata is expected system state outside the Phase 13 target/asset comparison set; it is not an active redirect.","expected_system_record","high","owner","redirect-disposition-confirmation-required","911e0e6eadf619c661361f10058b108bebfb76f8337c0c58ea6df8019abc21ea","","","",""
"p14-production-only-46c67d4752d51a017782fbe1","editorial-redirect","editorial-redirect:625af292b9944a6a7a6e1d48","9b4e01eff9b4a18eaa5546c2506c2219ec38f24333c68680959cd513daa596a0","private:normalized.v1.json#contentRecords/editorial-redirect:625af292b9944a6a7a6e1d48","Current redirect decision metadata is expected system state outside the Phase 13 target/asset comparison set; it is not an active redirect.","expected_system_record","high","owner","redirect-disposition-confirmation-required","4c86c06106aac57a9a05906fb3fd87145f0dcbee62b05f371ecfca5abba95c24","","","",""
"p14-production-only-4cb1c00868d09202c52baef3","editorial-target","editorial-target:5eaa71921c1f32012613da67","c9de88e48a871dca4522ebf8bf35ed4b2c6d37e1a91458f72d989420abda3310","private:normalized.v1.json#contentRecords/editorial-target:5eaa71921c1f32012613da67","Current editorial control metadata represents a matched imported target but has no separate Phase 13 comparison row.","expected_operational_metadata","high","owner","owner-confirmation-required-before-cutover","0d9d76b38ac47df0beb8d5cf24a1769e2a9c14864d8241c81e1bdbf4b8cc478a","","","",""
"p14-production-only-50ec44fecfc59e1c42d85a67","editorial-target","editorial-target:2868314fdb85fa0212ca6f5e","d38d3b4ccf63a8a4ff3407d33a4137c12bf835e28265fb468aa9f9cc66b28e95","private:normalized.v1.json#contentRecords/editorial-target:2868314fdb85fa0212ca6f5e","Current editorial control metadata represents a matched imported target but has no separate Phase 13 comparison row.","expected_operational_metadata","high","owner","owner-confirmation-required-before-cutover","7467f9b5352a89a529ee9c1b737db33a34d69f3324e75faf6d9aece9bfb1ff59","","","",""
"p14-production-only-53952e2a47e5df76618c115b","editorial-target","editorial-target:f22a2b0a24738ca638453596","4b84dbc7eabf5c529b16e779ebd3cbc3d0b454f1e7babbc8d941374d0df21423","private:normalized.v1.json#contentRecords/editorial-target:f22a2b0a24738ca638453596","Current editorial control metadata represents a matched imported target but has no separate Phase 13 comparison row.","expected_operational_metadata","high","owner","owner-confirmation-required-before-cutover","16a8425a21d914027f3876ca34057c269e62a6758df04865450921c3b69d4d50","","","",""
"p14-production-only-54d0855bfeaa9f10e09dd951","editorial-target","editorial-target:0b84686f9caba6eff8e54e71","6c43258c50a3e56d4d027468127281649c2ca083793c24cddf30a6308c7db4ff","private:normalized.v1.json#contentRecords/editorial-target:0b84686f9caba6eff8e54e71","Current editorial control metadata represents a matched imported target but has no separate Phase 13 comparison row.","expected_operational_metadata","high","owner","owner-confirmation-required-before-cutover","231af2f56c01da4955feb49f73a39b6e903648ad1ffe2c487c2c00fd23d723f5","","","",""
"p14-production-only-587e9b0907d15a898524f5c5","editorial-target","editorial-target:7d7cb345b4c836911addb1a6","56748200d434a10c43ef2f203baf3b2d453d25b20a53fb2437e9562c41bd854b","private:normalized.v1.json#contentRecords/editorial-target:7d7cb345b4c836911addb1a6","Current editorial control metadata represents a matched imported target but has no separate Phase 13 comparison row.","expected_operational_metadata","high","owner","owner-confirmation-required-before-cutover","7708640eff5527c1dcbc84741d92d03d2b284ce88d8c4a69901d29281be80223","","","",""
"p14-production-only-59a50cdb08790a9cf9b6a635","editorial-redirect","editorial-redirect:ad824421c6a2c56ab5a6ed81","2021417a82632aac58d6455b0250a8ac5545e20dd26608ac4d7786123b803404","private:normalized.v1.json#contentRecords/editorial-redirect:ad824421c6a2c56ab5a6ed81","Current redirect decision metadata is expected system state outside the Phase 13 target/asset comparison set; it is not an active redirect.","expected_system_record","high","owner","redirect-disposition-confirmation-required","b1c8e3c6ac47ba1496966e08790b0209bba1935f3ae107deccfb5556eb4523ba","","","",""
"p14-production-only-5b28543622b0f7675476987d","editorial-redirect","editorial-redirect:4f61f19b964fb1728a7514e7","900b1d7381e8aaba3b723df1ae8c7f09d376c8f15d120a97a39d313e600d3d3e","private:normalized.v1.json#contentRecords/editorial-redirect:4f61f19b964fb1728a7514e7","Current redirect decision metadata is expected system state outside the Phase 13 target/asset comparison set; it is not an active redirect.","expected_system_record","high","owner","redirect-disposition-confirmation-required","c9a81c0e3a33c55f1f5598db01305b3e8c4ff9cb348669cca1c3852c957bba5a","","","",""
"p14-production-only-5d9a47dfe8260a29287602ad","editorial-target","editorial-target:455959aa89d2ed3698244205","d1ab368b9c10b078fc618bc6aa7371659477f156cd0c781f1a7c73c49b07490e","private:normalized.v1.json#contentRecords/editorial-target:455959aa89d2ed3698244205","Current editorial control metadata represents a matched imported target but has no separate Phase 13 comparison row.","expected_operational_metadata","high","owner","owner-confirmation-required-before-cutover","35077c0c99a50e564c74f08786378e08f1a8007a8f65ef3b6c0bdeb2526a366d","","","",""
"p14-production-only-5fd794742453f919460c2cbc","editorial-target","editorial-target:dca2e5f44b53293d1244547b","35c88db987fcc0bb814f722b5f3e049592b92e2f17495d6dba36b04a6add4c16","private:normalized.v1.json#contentRecords/editorial-target:dca2e5f44b53293d1244547b","Current editorial control metadata represents a matched imported target but has no separate Phase 13 comparison row.","expected_operational_metadata","high","owner","owner-confirmation-required-before-cutover","33718fd01669dc6783eb12ec04298998a3c0378bf41f5d4f03ef66c9fcb4016d","","","",""
"p14-production-only-623644c6729c043598855a84","editorial-target","editorial-target:2398e8902ae09b0cb176b4ed","afe635f9590be76e302d59b327dc8e25a19090a5a07b0ba1dc63d52f99f3aa5c","private:normalized.v1.json#contentRecords/editorial-target:2398e8902ae09b0cb176b4ed","Current editorial control metadata represents a matched imported target but has no separate Phase 13 comparison row.","expected_operational_metadata","high","owner","owner-confirmation-required-before-cutover","02c163210edb108e99bff83966a94d58c3041a482517c77a087b331cd2646df8","","","",""
"p14-production-only-6445b944d18e75d9281d6830","editorial-redirect","editorial-redirect:7d7043b377dd0b6c921e63e5","7220329d1ba726b7ab7c8ef50cf2695776933ab7dd5fcc284f4b16641029ea51","private:normalized.v1.json#contentRecords/editorial-redirect:7d7043b377dd0b6c921e63e5","Current redirect decision metadata is expected system state outside the Phase 13 target/asset comparison set; it is not an active redirect.","expected_system_record","high","owner","redirect-disposition-confirmation-required","323503184970b9cc90ceafa565733247ce7c850a70f44343bec84af01d386ffe","","","",""
"p14-production-only-65500136b569e1c577aa6a20","activity","activity:75ea54e382eeff00b8381cfa","8413b06f04b32555bb85b4cab2109580aca58d13067717b0ffe6bf56c4f1bcbf","private:normalized.v1.json#contentRecords/activity:75ea54e382eeff00b8381cfa","The Activity exists in current production but is not one of the 70 Phase 13 imported target identities.","requires_owner_confirmation","medium","owner","content-confirmation-required","dc35d0f6d39d34aaa776cb9eb98315f02b4111c4d08c02b37042ac1ba32baec6","","","",""
"p14-production-only-65adb31434cb72b5b10a137b","editorial-target","editorial-target:c4f55e5a844109a119c791fa","cf83373dfc1515b4c473e4aca8e950727fab272e0c092e69a9d5594c633fedcc","private:normalized.v1.json#contentRecords/editorial-target:c4f55e5a844109a119c791fa","Current editorial control metadata represents a matched imported target but has no separate Phase 13 comparison row.","expected_operational_metadata","high","owner","owner-confirmation-required-before-cutover","2f395234f3197b742f6d593c6aaee70e9c4ed57c615bc3ab96d58907d49b43c1","","","",""
"p14-production-only-6640fc29095c60fca7764392","editorial-redirect","editorial-redirect:ed54304497c5ef11f630f22f","6727778c7cd9a75e3b3f4dbc8b06aca04912a369999cdb6425288a07849da4c3","private:normalized.v1.json#contentRecords/editorial-redirect:ed54304497c5ef11f630f22f","Current redirect decision metadata is expected system state outside the Phase 13 target/asset comparison set; it is not an active redirect.","expected_system_record","high","owner","redirect-disposition-confirmation-required","f7ab800a62eb2d0263e1cb9f03290207b41acefb201a53c84476f418a2d1c23c","","","",""
"p14-production-only-6715d5ae6b02f96da292a6c0","editorial-redirect","editorial-redirect:2f66e6678d2bdb68050abc3b","6a6d0d1e81e5313462e9babb18022cdfaa726e90337a9fd9bf038b6c330c3ad9","private:normalized.v1.json#contentRecords/editorial-redirect:2f66e6678d2bdb68050abc3b","Current redirect decision metadata is expected system state outside the Phase 13 target/asset comparison set; it is not an active redirect.","expected_system_record","high","owner","redirect-disposition-confirmation-required","66c0581dab19b20e9dcbdfd537e2ac08d5d1add84b05148c399080394564b401","","","",""
"p14-production-only-67afa014cafea50f10e58d4f","editorial-target","editorial-target:5dd2f4cc309dfd402ee5058e","61a070d27c662ca4982f45ffeeccc89f0fa73886fdebdbab94b994ff6168e5e3","private:normalized.v1.json#contentRecords/editorial-target:5dd2f4cc309dfd402ee5058e","Current editorial control metadata represents a matched imported target but has no separate Phase 13 comparison row.","expected_operational_metadata","high","owner","owner-confirmation-required-before-cutover","b7fcd76659082ddcb40de3c33fc6e7e544b4d33af8a581d101d42bcfe1249ead","","","",""
"p14-production-only-69c4740c1c9d3744cf86ed9b","activity","activity:71ee5106176d21770c797431","8e90a13dfb2ad9de306d2eca55aacc688cc4d071107ff57db65ed82dafcf5368","private:normalized.v1.json#contentRecords/activity:71ee5106176d21770c797431","The Activity exists in current production but is not one of the 70 Phase 13 imported target identities.","requires_owner_confirmation","medium","owner","content-confirmation-required","806cb6e5b68435daed728da7ab53e78301fa07d5aec82eb3660d72dcf585b7f3","","","",""
"p14-production-only-69d142a6076f08d57656c565","editorial-redirect","editorial-redirect:5a516352fac1d112f78afda7","816654f9c2b3985b2a6d64d4d1a18ba8afac6da52b98cc32d33309670b192902","private:normalized.v1.json#contentRecords/editorial-redirect:5a516352fac1d112f78afda7","Current redirect decision metadata is expected system state outside the Phase 13 target/asset comparison set; it is not an active redirect.","expected_system_record","high","owner","redirect-disposition-confirmation-required","d6d9b765cef29747a18f6a6d9b0b19fd903373238d3d3073d113352d7e56e457","","","",""
"p14-production-only-6a30cea5bd60c15a48f7af68","editorial-redirect","editorial-redirect:6f9d668fbe5cd185d887162a","f140d7bfffe2649e083f2c4652415641802c9f5f6dd264e55508ed5daca0880e","private:normalized.v1.json#contentRecords/editorial-redirect:6f9d668fbe5cd185d887162a","Current redirect decision metadata is expected system state outside the Phase 13 target/asset comparison set; it is not an active redirect.","expected_system_record","high","owner","redirect-disposition-confirmation-required","6189922ee120fd1cb08bba3ee0c93d5587d0d6a6dd5154e862775e491279c728","","","",""
"p14-production-only-6be2d6eb8efb6a73848bf7d7","editorial-target","editorial-target:ef35bf394926f1a1bda80805","e1c208a08b8b2e7699bedee66ec1f55b3f95fa4722a6ed4c86d5b5da5d998682","private:normalized.v1.json#contentRecords/editorial-target:ef35bf394926f1a1bda80805","Current editorial control metadata represents a matched imported target but has no separate Phase 13 comparison row.","expected_operational_metadata","high","owner","owner-confirmation-required-before-cutover","b90f5b882def8e509b682830052ff52125331c2ef22715c77a89acda68a1097d","","","",""
"p14-production-only-70a0a7f009f1faebf4cab637","editorial-target","editorial-target:c9139b71cc9e6c18b3db111e","b015fb1522f13f5bb16332f5810d3df711b9473c61ffcebf728815704317f032","private:normalized.v1.json#contentRecords/editorial-target:c9139b71cc9e6c18b3db111e","Current editorial control metadata represents a matched imported target but has no separate Phase 13 comparison row.","expected_operational_metadata","high","owner","owner-confirmation-required-before-cutover","665281d0ad3262c48dc2f49eaedab5c392793699a2a66ea6811305dd8322d5ff","","","",""
"p14-production-only-71030a69774e6d3f4b43beaf","editorial-target","editorial-target:4cef7ad23872147eb554b156","91f81f3985ec09a033d9c02781d3564cebd2da67b2cd95c4df8738ce77b9dbe1","private:normalized.v1.json#contentRecords/editorial-target:4cef7ad23872147eb554b156","Current editorial control metadata represents a matched imported target but has no separate Phase 13 comparison row.","expected_operational_metadata","high","owner","owner-confirmation-required-before-cutover","5ff52c4c17292d35dd8b4188465af7f535ec812bd7f9994a70294429dd5ab02a","","","",""
"p14-production-only-7128958e45728f0be2452a8e","editorial-target","editorial-target:8dd1a32f76b6830efac3cebc","5da7e728dbdb901b3908b5f4658b5aef7440bb9d61227f7409da77c9e784052a","private:normalized.v1.json#contentRecords/editorial-target:8dd1a32f76b6830efac3cebc","Current editorial control metadata represents a matched imported target but has no separate Phase 13 comparison row.","expected_operational_metadata","high","owner","owner-confirmation-required-before-cutover","f5f93f33069c63ea526ed1250db5ce35ee02538423b4368b62b9857d2ac17814","","","",""
"p14-production-only-722ee598f247d2b42be91639","editorial-redirect","editorial-redirect:91038dea6ed16ded43be3265","acaaa448a743bef7af9470881667b53e0d0c3321580d76434bb1a7075932c373","private:normalized.v1.json#contentRecords/editorial-redirect:91038dea6ed16ded43be3265","Current redirect decision metadata is expected system state outside the Phase 13 target/asset comparison set; it is not an active redirect.","expected_system_record","high","owner","redirect-disposition-confirmation-required","5d177a5cf3fde8a1bcfa817406a4671d7a501a922dcae444fa00cd8c06aae2be","","","",""
"p14-production-only-7521ed763fe3887b0b2f580f","editorial-redirect","editorial-redirect:6364f9f1201ee92dfaf6b9cd","1aa2d69408cc97de9b1ffd8c98ab5856949e28424ddc645e509f4970f2a68ff9","private:normalized.v1.json#contentRecords/editorial-redirect:6364f9f1201ee92dfaf6b9cd","Current redirect decision metadata is expected system state outside the Phase 13 target/asset comparison set; it is not an active redirect.","expected_system_record","high","owner","redirect-disposition-confirmation-required","5f3e7fda45ca70f63c4cd43915f12e2bc0600ca40196cbf62d9ffe041b6e5ab6","","","",""
"p14-production-only-79969b921b4ebec33e77265e","editorial-target","editorial-target:d21708ace7ee62c2e6232f96","008f59fcfd79bac8b5c9269592f1392358a2a1175f4b96345e2e1b941aa9222f","private:normalized.v1.json#contentRecords/editorial-target:d21708ace7ee62c2e6232f96","Current editorial control metadata represents a matched imported target but has no separate Phase 13 comparison row.","expected_operational_metadata","high","owner","owner-confirmation-required-before-cutover","b5f588b532d383d7821cd1e30a36d03264ef1de847849d3e24d34cb0f2974c83","","","",""
"p14-production-only-7b92e9696a023e78cc53e079","editorial-target","editorial-target:4ba9ae21b201e041760ce8c6","929ed6023c7ec0492b0bef0bcd85138f9ba91c9a78af65a3f0d5a4a03cde88b4","private:normalized.v1.json#contentRecords/editorial-target:4ba9ae21b201e041760ce8c6","Current editorial control metadata represents a matched imported target but has no separate Phase 13 comparison row.","expected_operational_metadata","high","owner","owner-confirmation-required-before-cutover","d290e5afacc8a8be4942f2812ad6f8b34a351e6969f9259bc9fab8b0f6d30ee9","","","",""
"p14-production-only-7f06a5f9bf0d57300bcf51bd","editorial-redirect","editorial-redirect:0ac00bfcc4bdec15881a5241","4be00384a1913103bc39f03818177bef1c27eb1455e5c2c2d9a6e5239bf8ca39","private:normalized.v1.json#contentRecords/editorial-redirect:0ac00bfcc4bdec15881a5241","Current redirect decision metadata is expected system state outside the Phase 13 target/asset comparison set; it is not an active redirect.","expected_system_record","high","owner","redirect-disposition-confirmation-required","55de3cdd217c4cfa2c2f0ba730328f96e035bdfba0efdc8c1ce0455bae658106","","","",""
"p14-production-only-7fa79c96597df3f27069e8d3","editorial-redirect","editorial-redirect:f1fdca21001babe9e6e4e1f6","b8cdf3f8383e62bcf0b4499ff21aeff42664b90da68690a1ba48dd26ab34f697","private:normalized.v1.json#contentRecords/editorial-redirect:f1fdca21001babe9e6e4e1f6","Current redirect decision metadata is expected system state outside the Phase 13 target/asset comparison set; it is not an active redirect.","expected_system_record","high","owner","redirect-disposition-confirmation-required","8d99eb5571262487411b9d997f3a1c0f320906ba85f48c44471c91fd7e197a42","","","",""
"p14-production-only-8058cf3657c1088927b0369c","editorial-target","editorial-target:1111b80ed5e29e20a112ed7c","719a88a05ec2b15cb8a681fa9c15ad68d619929d7263be8f1ea166b75ec842a1","private:normalized.v1.json#contentRecords/editorial-target:1111b80ed5e29e20a112ed7c","Current editorial control metadata represents a matched imported target but has no separate Phase 13 comparison row.","expected_operational_metadata","high","owner","owner-confirmation-required-before-cutover","c72948f7e99b601cc1164bacf37ec65dd4be6d4e5b27158dc386dca38bd1ea97","","","",""
"p14-production-only-82c640414aa720af83d2f05d","editorial-redirect","editorial-redirect:5ce0d036ab9c7a05e3665379","7e385ead104c47e70e84e40b2cdd43cd33d5166f4a5e1f3dcc2a94ccc3e237f1","private:normalized.v1.json#contentRecords/editorial-redirect:5ce0d036ab9c7a05e3665379","Current redirect decision metadata is expected system state outside the Phase 13 target/asset comparison set; it is not an active redirect.","expected_system_record","high","owner","redirect-disposition-confirmation-required","87e74060c1984959d95b39c8299e7f50373ddb3ec16ec9a3520d2f7e3ad1a428","","","",""
"p14-production-only-8374ffafa266f951a69cf10e","editorial-redirect","editorial-redirect:988708a48341f71fe2baaf43","a17260a28f3dc01951c1f7fc7c4f240c4353091db8f6fc4cba0298a80bc19527","private:normalized.v1.json#contentRecords/editorial-redirect:988708a48341f71fe2baaf43","Current redirect decision metadata is expected system state outside the Phase 13 target/asset comparison set; it is not an active redirect.","expected_system_record","high","owner","redirect-disposition-confirmation-required","867ac59e478acd36a7decbfcaa73425f25529a91ea85bf9dc2cba1a5b840e853","","","",""
"p14-production-only-840dccaebfd46a9b3204cfc9","editorial-redirect","editorial-redirect:0ae55d9620614ffafefbb459","dd15e86b48caf8c28655082e68adf5889613bfbe09eebd350d47a3fbb018a448","private:normalized.v1.json#contentRecords/editorial-redirect:0ae55d9620614ffafefbb459","Current redirect decision metadata is expected system state outside the Phase 13 target/asset comparison set; it is not an active redirect.","expected_system_record","high","owner","redirect-disposition-confirmation-required","704b592245970a0f08b58ca7b6b19e58a1ae5b8aad851813cc7dd13011df9e9e","","","",""
"p14-production-only-84cb856ef1f8b74cd0996d37","editorial-target","editorial-target:79d4724725ed93203347eeb9","fc3cc1c06093eee16a87073f1dbcddd5ea768580265ec85e69443ee3c5fc41ca","private:normalized.v1.json#contentRecords/editorial-target:79d4724725ed93203347eeb9","Current editorial control metadata represents a matched imported target but has no separate Phase 13 comparison row.","expected_operational_metadata","high","owner","owner-confirmation-required-before-cutover","fb8b87e7bfcbb17a80d4fba8eb464f4cfe5337424bbb1ee0a026fedc233b7639","","","",""
"p14-production-only-85d5efe84fe0f887114056eb","editorial-target","editorial-target:186b85f155da30943a698d5d","3ecd4f2ce76b2d9e94a5a76b4bd23dc7e2ce44202099c8034b8a948998d966be","private:normalized.v1.json#contentRecords/editorial-target:186b85f155da30943a698d5d","Current editorial control metadata represents a matched imported target but has no separate Phase 13 comparison row.","expected_operational_metadata","high","owner","owner-confirmation-required-before-cutover","a35d9e4872db214e48985327ae155c4ec24ff39cb0d060cf0ac36459764ce411","","","",""
"p14-production-only-869ec927ddbb685abb68eb5a","editorial-target","editorial-target:0c6dfb332b5da11ca05531c1","b276b167f6c1a76312c0a3b985de96e700f6f36920cc1d59caf77ee9b5e2704f","private:normalized.v1.json#contentRecords/editorial-target:0c6dfb332b5da11ca05531c1","Current editorial control metadata represents a matched imported target but has no separate Phase 13 comparison row.","expected_operational_metadata","high","owner","owner-confirmation-required-before-cutover","4963d2a7908196ffc52a546325e89d8ad228c2394a7ef48a1cff313ffb96105b","","","",""
"p14-production-only-8a959cf107687e0ae709eb20","editorial-redirect","editorial-redirect:ab9a69619dfe0c7e70d2351b","e3e11a5ecb3721e392331fed52dbfcce6c6bf668bba5e670c59fb213d092925f","private:normalized.v1.json#contentRecords/editorial-redirect:ab9a69619dfe0c7e70d2351b","Current redirect decision metadata is expected system state outside the Phase 13 target/asset comparison set; it is not an active redirect.","expected_system_record","high","owner","redirect-disposition-confirmation-required","6de11bb41c63d5bbc465b42446b22c75f43fafcbb19cd7619e6c1b78802482f0","","","",""
"p14-production-only-8aa1a89a3c6a839c7d082a34","editorial-redirect","editorial-redirect:fa3c1367d8528514f13c9a3b","dd9b6b2de04847a228e829649666c949b2fc651a28eccdbfe5dfa4ab5a0ac4a0","private:normalized.v1.json#contentRecords/editorial-redirect:fa3c1367d8528514f13c9a3b","Current redirect decision metadata is expected system state outside the Phase 13 target/asset comparison set; it is not an active redirect.","expected_system_record","high","owner","redirect-disposition-confirmation-required","03e8e099ee451774b3b91fd0b716c9d404368d996be03ccbf85451695a8073b0","","","",""
"p14-production-only-8ae948f6411c074c4d06f187","editorial-redirect","editorial-redirect:154e69bc66363d74d5e54ac4","f082cd47052deefd42a00852fdcb4bca163f2c634e9a2e953a7b7dbe31a67b41","private:normalized.v1.json#contentRecords/editorial-redirect:154e69bc66363d74d5e54ac4","Current redirect decision metadata is expected system state outside the Phase 13 target/asset comparison set; it is not an active redirect.","expected_system_record","high","owner","redirect-disposition-confirmation-required","2621a08fcd94e25f25c8c85183b0f09cc2c0e3c7f1d4d5f6339cd9800af27133","","","",""
"p14-production-only-8b112c6e0dd32c594748acb3","editorial-target","editorial-target:e357a807b144c4c80fee9a06","41d320290b5f12fe8a264ac2ddaf2868a486382741649ea197dea4f60020faff","private:normalized.v1.json#contentRecords/editorial-target:e357a807b144c4c80fee9a06","Current editorial control metadata represents a matched imported target but has no separate Phase 13 comparison row.","expected_operational_metadata","high","owner","owner-confirmation-required-before-cutover","6e8ba98923e25341b9874df3a2cceae53f353d612edb7c55f4b0fd64b65109d1","","","",""
"p14-production-only-8bf746cffa7163683774abb1","editorial-target","editorial-target:ee9b8fed8eebab977e797470","f2d6e0a5272429403e5576fbd74371537f5aeb2eb93cdb7dc34cad4d13ae7301","private:normalized.v1.json#contentRecords/editorial-target:ee9b8fed8eebab977e797470","Current editorial control metadata represents a matched imported target but has no separate Phase 13 comparison row.","expected_operational_metadata","high","owner","owner-confirmation-required-before-cutover","2be23b2aeb0a1f59d65d8d07cd5d7d867701377cae8cb84b5875040dd9d62953","","","",""
"p14-production-only-8d6ebb36bb36a5b8953ca0dd","editorial-redirect","editorial-redirect:1332f861ab2d5f308d11316c","d66a54388bdd189a5c6ca987e1869df2fe3794c2eb97638bc505ecb7cf68380b","private:normalized.v1.json#contentRecords/editorial-redirect:1332f861ab2d5f308d11316c","Current redirect decision metadata is expected system state outside the Phase 13 target/asset comparison set; it is not an active redirect.","expected_system_record","high","owner","redirect-disposition-confirmation-required","57df0e9f85fb9e0a816835b917017d4fcfae346945b77a913c4d54f4b0b21024","","","",""
"p14-production-only-8ebab70c9fad0fc8cad84fc0","editorial-target","editorial-target:aec5b3cac33d7831dc831458","e95aca3b553d4019887e0ef8372d9bafc500206c0c9dc0e57813d3705c24109c","private:normalized.v1.json#contentRecords/editorial-target:aec5b3cac33d7831dc831458","Current editorial control metadata represents a matched imported target but has no separate Phase 13 comparison row.","expected_operational_metadata","high","owner","owner-confirmation-required-before-cutover","f6d7fefe11984e7046c8c96dbc991c92d2279431b3ca686f649ba13287995faa","","","",""
"p14-production-only-8ebfc40ad654b430ba0b9f58","editorial-target","editorial-target:0c7f42e3a1ae4ce7f677c792","e26110d260a56fbea7fe35cc9aac15686cfb7530855fd8d16ac7feb6ba15738b","private:normalized.v1.json#contentRecords/editorial-target:0c7f42e3a1ae4ce7f677c792","Current editorial control metadata represents a matched imported target but has no separate Phase 13 comparison row.","expected_operational_metadata","high","owner","owner-confirmation-required-before-cutover","b63e2199c7ebf60125ac7748497c9cf059e8c67f50f5033b48bcc5592f160f29","","","",""
"p14-production-only-903c5e1b6eafe6d558a26054","editorial-redirect","editorial-redirect:e73f4f2dfc5196a01f556bb5","1515d5062a64af59180e7f34561eac97289c9ec6945e963d8cda513beecd8dc4","private:normalized.v1.json#contentRecords/editorial-redirect:e73f4f2dfc5196a01f556bb5","Current redirect decision metadata is expected system state outside the Phase 13 target/asset comparison set; it is not an active redirect.","expected_system_record","high","owner","redirect-disposition-confirmation-required","f9b83b0a521af8306cbba62c0c4e740af6b3cfc6a5a49fb09e44ff24c72b69cd","","","",""
"p14-production-only-92a547dbeed59aa67b7f6336","editorial-redirect","editorial-redirect:0a3781360468bae6a3835ff8","372848d9c603263baf500e920ea632adf0f880f8269d459ba426fa18aca5ad7b","private:normalized.v1.json#contentRecords/editorial-redirect:0a3781360468bae6a3835ff8","Current redirect decision metadata is expected system state outside the Phase 13 target/asset comparison set; it is not an active redirect.","expected_system_record","high","owner","redirect-disposition-confirmation-required","814807a1526125a068b393c3b41ec02ad353eee55c8dfde6053565bbb4ee532b","","","",""
"p14-production-only-92d5ca7ecae5fd976dcfc955","editorial-redirect","editorial-redirect:83a91559be870f202b840056","6fa736642c95554ea64220b38c60003b793fb898594d48dae28f617ec12a3eae","private:normalized.v1.json#contentRecords/editorial-redirect:83a91559be870f202b840056","Current redirect decision metadata is expected system state outside the Phase 13 target/asset comparison set; it is not an active redirect.","expected_system_record","high","owner","redirect-disposition-confirmation-required","c913142b3b61cd82d5c051d9afbcba1a6a26a2b67fdb12fef3535e857fd23bf4","","","",""
"p14-production-only-96196d78f113e72666c1e024","editorial-redirect","editorial-redirect:b3d12ffa59f4b66c7a7daeb2","4047832053460daf78e47f6accb6334106ea53e6cc77b39cd5000f641e509b41","private:normalized.v1.json#contentRecords/editorial-redirect:b3d12ffa59f4b66c7a7daeb2","Current redirect decision metadata is expected system state outside the Phase 13 target/asset comparison set; it is not an active redirect.","expected_system_record","high","owner","redirect-disposition-confirmation-required","48d7bbfce82d8322312fce80de923a6ede0a251b129c4b25838225389f24b05e","","","",""
"p14-production-only-989295286bde8ab807c49df6","editorial-redirect","editorial-redirect:7c550df292385a46a262db96","b495c70457047102c2c3634ab4fe906e855665d9534d05e862ac5acd20e2c1ab","private:normalized.v1.json#contentRecords/editorial-redirect:7c550df292385a46a262db96","Current redirect decision metadata is expected system state outside the Phase 13 target/asset comparison set; it is not an active redirect.","expected_system_record","high","owner","redirect-disposition-confirmation-required","36e6b0c27b09e52d796769037b2c17ef1e2d64b355e0da42124fd559960ef050","","","",""
"p14-production-only-9913be74d04567c86967530e","editorial-target","editorial-target:64c9b5d1edfaccc6495bb34e","a20008fb2d089e49e94538ce7dc9571effafdc9c96a45e2795ae3b7d3b699bd3","private:normalized.v1.json#contentRecords/editorial-target:64c9b5d1edfaccc6495bb34e","Current editorial control metadata represents a matched imported target but has no separate Phase 13 comparison row.","expected_operational_metadata","high","owner","owner-confirmation-required-before-cutover","339c4d3fcb525b4bb5039dca02e3e8e074c0b4e30abdf0139ddd2dbce0855104","","","",""
"p14-production-only-9a38df22322089789731d7d1","editorial-target","editorial-target:1606836c5ec4a64b5b9f3e17","5c8bc0aab5d08aac32a4f5508a2c1de5f5e3002c7d4713fdef22bb4d1b4514cc","private:normalized.v1.json#contentRecords/editorial-target:1606836c5ec4a64b5b9f3e17","Current editorial control metadata represents a matched imported target but has no separate Phase 13 comparison row.","expected_operational_metadata","high","owner","owner-confirmation-required-before-cutover","e565144c8d870debe000a3d76c8a25b541eda98b8f86caf357c4f190ed1602ba","","","",""
"p14-production-only-9c411b6ea9d053c568c0873d","editorial-redirect","editorial-redirect:7ae12af67d0ccd1cab6b80e3","7f5191bab3db4adf973c0f7e0a8b07bd917265bb23edb11dac5326de13aeec29","private:normalized.v1.json#contentRecords/editorial-redirect:7ae12af67d0ccd1cab6b80e3","Current redirect decision metadata is expected system state outside the Phase 13 target/asset comparison set; it is not an active redirect.","expected_system_record","high","owner","redirect-disposition-confirmation-required","0b7d2dffbf588cb84346d9d514dfd1017c83017657031794a8e8c76f675d3968","","","",""
"p14-production-only-a3226d5516c5707046286c91","editorial-redirect","editorial-redirect:c11ce2f88b85d631f4a0436c","e1e92caf59c91b7fa6784dc5370ca7a67f02586dee0b0bb90342e7d8133b6aea","private:normalized.v1.json#contentRecords/editorial-redirect:c11ce2f88b85d631f4a0436c","Current redirect decision metadata is expected system state outside the Phase 13 target/asset comparison set; it is not an active redirect.","expected_system_record","high","owner","redirect-disposition-confirmation-required","3419d44760694951cf4fc4796a735c9d954024dca5874cfcc7d9207b34206c03","","","",""
"p14-production-only-a64f74b6d22f8c367fcda0f9","editorial-redirect","editorial-redirect:a90106f888a66b634098de01","a053974941e72504cbd3a2bd786aa26e266d906b122d36151997e7b522f8d5e5","private:normalized.v1.json#contentRecords/editorial-redirect:a90106f888a66b634098de01","Current redirect decision metadata is expected system state outside the Phase 13 target/asset comparison set; it is not an active redirect.","expected_system_record","high","owner","redirect-disposition-confirmation-required","5b206a24baf6e5d63a1fa8e7b83ffc3a969f3a6231067913108a65d1c5da85be","","","",""
"p14-production-only-a77d36757c887a6bec242ea2","editorial-redirect","editorial-redirect:87d0f5815cd182704e593222","c928dc2ab3109dfa571b18abd00c2c5a6e7863a2822f4053a76c6da0a907117a","private:normalized.v1.json#contentRecords/editorial-redirect:87d0f5815cd182704e593222","Current redirect decision metadata is expected system state outside the Phase 13 target/asset comparison set; it is not an active redirect.","expected_system_record","high","owner","redirect-disposition-confirmation-required","6f3f5513dc2f99e01d19c4c7271e7aec7e05d164e31533d6b2a4cb02b2ac486c","","","",""
"p14-production-only-a806ed2c969b2ef43177e73a","editorial-target","editorial-target:d71def20c2b9e26bd5fb00d9","17915c6f0e5077917cdf2079d88bdfbfdc92d203d3114d6b986c51e5807bda6b","private:normalized.v1.json#contentRecords/editorial-target:d71def20c2b9e26bd5fb00d9","Current editorial control metadata represents a matched imported target but has no separate Phase 13 comparison row.","expected_operational_metadata","high","owner","owner-confirmation-required-before-cutover","0802b82ae3c38ed6493a462363413fb0ee63fb448cd153159a19a55ae1b2f041","","","",""
"p14-production-only-a99077948424bacaec4e8984","editorial-target","editorial-target:9efbc612a03507bbb3ff973e","25c37ba139bdfa58cdf000bf36601b15119984ba454a595dc9e2459ce9b1b025","private:normalized.v1.json#contentRecords/editorial-target:9efbc612a03507bbb3ff973e","Current editorial control metadata represents a matched imported target but has no separate Phase 13 comparison row.","expected_operational_metadata","high","owner","owner-confirmation-required-before-cutover","ccc28de69fa4df987366ec5ecc0b80d97670b892ef2d02755f6c95337eb90ee4","","","",""
"p14-production-only-b0d6140a252520f6a25edbc4","editorial-redirect","editorial-redirect:79cce3295316b30d14aa6826","02c173b2f92758547d12b51cfbd1231e215b9e53d1360e4dbd4e8eea38d932e1","private:normalized.v1.json#contentRecords/editorial-redirect:79cce3295316b30d14aa6826","Current redirect decision metadata is expected system state outside the Phase 13 target/asset comparison set; it is not an active redirect.","expected_system_record","high","owner","redirect-disposition-confirmation-required","cb9659a662dac55f7fe6d1459229b939d82fe3008772cc3ceb7ec0760f5a039e","","","",""
"p14-production-only-b2dd17bd7d4016184a4976d1","editorial-redirect","editorial-redirect:bfc5a44724588dc250a4b8eb","cf55074f9946a9e9cbf7d26cc35d93e3d26a269d8477a566d3d0590e8b418e55","private:normalized.v1.json#contentRecords/editorial-redirect:bfc5a44724588dc250a4b8eb","Current redirect decision metadata is expected system state outside the Phase 13 target/asset comparison set; it is not an active redirect.","expected_system_record","high","owner","redirect-disposition-confirmation-required","fa21c48d40dce01b891cc5dea2fd88b45655109db842c8ea44a3c858c013868a","","","",""
"p14-production-only-b5251946ecdeab34ea5d9566","editorial-target","editorial-target:07cc3aab83ca41d161c35291","8d4c6a58ae467a1b7533149f5443a94e4d4caec96314e407b1d250a3dc834a47","private:normalized.v1.json#contentRecords/editorial-target:07cc3aab83ca41d161c35291","Current editorial control metadata represents a matched imported target but has no separate Phase 13 comparison row.","expected_operational_metadata","high","owner","owner-confirmation-required-before-cutover","f88b925f0b237738df270ecbc5f06f09ad9b836cd7264adfb2facff377e49408","","","",""
"p14-production-only-b5b8daa547d87fd01cf59599","editorial-target","editorial-target:7376233187fde309dd16a5e9","80146369b0f6904b196b5ae6eebaa6913935c55735e3a92d24909627cff08601","private:normalized.v1.json#contentRecords/editorial-target:7376233187fde309dd16a5e9","Current editorial control metadata represents a matched imported target but has no separate Phase 13 comparison row.","expected_operational_metadata","high","owner","owner-confirmation-required-before-cutover","792b2808a390ee6c2ba2fb7f21147979d4c0d621dae012245e73092bd4ab14f5","","","",""
"p14-production-only-b5e779914f93e789b2ca78aa","editorial-target","editorial-target:dc82a0677ecef0bff8355b8e","c83d84cf0dab9ac823879432c534028fa4cb466a86177dfcf485f238b636342b","private:normalized.v1.json#contentRecords/editorial-target:dc82a0677ecef0bff8355b8e","Current editorial control metadata represents a matched imported target but has no separate Phase 13 comparison row.","expected_operational_metadata","high","owner","owner-confirmation-required-before-cutover","7dac495300b303c0b569b36b4c5187511baff3a3ccd9825b147d8653708960eb","","","",""
"p14-production-only-b61965b69e6e5f5e2003beae","editorial-redirect","editorial-redirect:f5aa7249e7217ea3830c4ea6","09ab22f6940f2a535adc3b625131c8a0691c33246a2991de75925a1ae1445581","private:normalized.v1.json#contentRecords/editorial-redirect:f5aa7249e7217ea3830c4ea6","Current redirect decision metadata is expected system state outside the Phase 13 target/asset comparison set; it is not an active redirect.","expected_system_record","high","owner","redirect-disposition-confirmation-required","949694524e88e8cfe0650a8afdeca2ba5a774cdac5ef3c89826d767323b4249d","","","",""
"p14-production-only-b76dc61554b74bf7972636cb","editorial-redirect","editorial-redirect:e4013ce9bf31ad83316abdbf","cac6785edbc6b90c93d4366c8d93a21bcfa01af0397034161ca4dba3d826efa6","private:normalized.v1.json#contentRecords/editorial-redirect:e4013ce9bf31ad83316abdbf","Current redirect decision metadata is expected system state outside the Phase 13 target/asset comparison set; it is not an active redirect.","expected_system_record","high","owner","redirect-disposition-confirmation-required","f7f5bc26c4850ed246573f1634c7d4d279ee7bb78e85a4b6062b18d91c114781","","","",""
"p14-production-only-b97e129b15521b262808530a","editorial-redirect","editorial-redirect:ac965f63c7bf12f662d07350","6d7c8cab0a604749542f5ba9d62d0a8954f354634f72144a6148c9c2a5292f55","private:normalized.v1.json#contentRecords/editorial-redirect:ac965f63c7bf12f662d07350","Current redirect decision metadata is expected system state outside the Phase 13 target/asset comparison set; it is not an active redirect.","expected_system_record","high","owner","redirect-disposition-confirmation-required","0b966a8b9c19d59eb9d83a397584a7991687e8b56e9b770c8872e2cbb3a59b70","","","",""
"p14-production-only-bb38ebda3b9aaac832095215","editorial-target","editorial-target:8d04b94bb3eaebb56967f5a5","e89383f5a427d623a5dd7538e16c2f2a7acd0c7a8b5aab3abe0792ef71fdc3e2","private:normalized.v1.json#contentRecords/editorial-target:8d04b94bb3eaebb56967f5a5","Current editorial control metadata represents a matched imported target but has no separate Phase 13 comparison row.","expected_operational_metadata","high","owner","owner-confirmation-required-before-cutover","38b8c73aa61f36c0355f9f168c80c8c2bbd85d4d8f7e13d4102b88f4acc88e6f","","","",""
"p14-production-only-bb7369ee8d6add28c03ff9c3","editorial-redirect","editorial-redirect:1ef297796deb16434b72c29f","c35b5e77e29a0158bdd9e5633b5477736762576439b184bc78bc0a9e29a96116","private:normalized.v1.json#contentRecords/editorial-redirect:1ef297796deb16434b72c29f","Current redirect decision metadata is expected system state outside the Phase 13 target/asset comparison set; it is not an active redirect.","expected_system_record","high","owner","redirect-disposition-confirmation-required","75faac6a0c3d3e1566016ac688ede6007923c8ba114857cc65a316c1191b597c","","","",""
"p14-production-only-bcc252434cefb45c8bff442b","editorial-redirect","editorial-redirect:1a2047d0944013a0963879c1","56ba03cac469ae8cdcaeae5de4e8b0ebba694b7a6d2afc027df8e953e64ee673","private:normalized.v1.json#contentRecords/editorial-redirect:1a2047d0944013a0963879c1","Current redirect decision metadata is expected system state outside the Phase 13 target/asset comparison set; it is not an active redirect.","expected_system_record","high","owner","redirect-disposition-confirmation-required","d1f5cfc45e52e16ac0a66f061462354e0af48e887ca0d6cd646e0133b07bf8fa","","","",""
"p14-production-only-bf6fbf3c1d39dee26ffd9501","editorial-redirect","editorial-redirect:aa7f36e0fb6c0196abb83439","ad2aaa9f0234100aeaaa95cc0c62454459455439dba9257e1cf03cffb09eb066","private:normalized.v1.json#contentRecords/editorial-redirect:aa7f36e0fb6c0196abb83439","Current redirect decision metadata is expected system state outside the Phase 13 target/asset comparison set; it is not an active redirect.","expected_system_record","high","owner","redirect-disposition-confirmation-required","3a9d5cd2b27772c342852226b08b21d23d6cbbeed7033d8ec2723f926799d201","","","",""
"p14-production-only-c1b2ffee509e73659479e166","editorial-redirect","editorial-redirect:ad4b44ac713b6c7aad7633e5","1b2c673cf394ebde29dfd054b7997ce1c3a9de15845a8fbe078b6c926a77c038","private:normalized.v1.json#contentRecords/editorial-redirect:ad4b44ac713b6c7aad7633e5","Current redirect decision metadata is expected system state outside the Phase 13 target/asset comparison set; it is not an active redirect.","expected_system_record","high","owner","redirect-disposition-confirmation-required","8a7224020b83032d6219c4bd598b739f4b148a7ae3edf1cdda1227d64b68c171","","","",""
"p14-production-only-c1fecc4d4abf80f8f0c8393b","editorial-redirect","editorial-redirect:f4ce65131c1e40ecb1d3e0d2","2688b1656672a41537e492fbb062326e7f937029c60bd60b6d0e1ecab6822b06","private:normalized.v1.json#contentRecords/editorial-redirect:f4ce65131c1e40ecb1d3e0d2","Current redirect decision metadata is expected system state outside the Phase 13 target/asset comparison set; it is not an active redirect.","expected_system_record","high","owner","redirect-disposition-confirmation-required","e76301c3d707a54fc39b550e1c703029f880001e7a8a4020675702b7639ae759","","","",""
"p14-production-only-c3976cce6fc3ca5b5e5898e9","editorial-target","editorial-target:026958788afeadf8356f1423","ea88f716860091d0dbf93cd524d00095116924d9ed797a77c9bcc64d3160bbe9","private:normalized.v1.json#contentRecords/editorial-target:026958788afeadf8356f1423","Current editorial control metadata represents a matched imported target but has no separate Phase 13 comparison row.","expected_operational_metadata","high","owner","owner-confirmation-required-before-cutover","0fa6d107ff240f8a606a16724ad057891cdbba073d6a71ffc25051981b456cc0","","","",""
"p14-production-only-c48cd1dead63c2b97de5eb86","editorial-redirect","editorial-redirect:9047e82ef1a698100b047a66","2c1b7be242726f98b8ef91b097c59e936499699605a26f98b61ca66ca3a27a05","private:normalized.v1.json#contentRecords/editorial-redirect:9047e82ef1a698100b047a66","Current redirect decision metadata is expected system state outside the Phase 13 target/asset comparison set; it is not an active redirect.","expected_system_record","high","owner","redirect-disposition-confirmation-required","28d825c1685bcb2e7ab96af1e6a9b25e7bdffe72200817d5058ea4bf4d3037b8","","","",""
"p14-production-only-c79e6172833d0323ad386472","editorial-target","editorial-target:32626505112adeabb4e64322","edd4af22a31a4fc0931df029b3c9d06a83681d72e30f0020f4966bf2c0a11eb2","private:normalized.v1.json#contentRecords/editorial-target:32626505112adeabb4e64322","Current editorial control metadata represents a matched imported target but has no separate Phase 13 comparison row.","expected_operational_metadata","high","owner","owner-confirmation-required-before-cutover","f8e5af4f6fc9f551477138299392bc0ffe5658a3ce1c9426e5a853465cce0abb","","","",""
"p14-production-only-c7c80b1103e1208c2af3928c","editorial-target","editorial-target:235d106f7a684853b0b54922","f21944df4d0311c23b0479aa727f5a6d0abf32d6aeba4edf80dd9fcef7b8e9f3","private:normalized.v1.json#contentRecords/editorial-target:235d106f7a684853b0b54922","Current editorial control metadata represents a matched imported target but has no separate Phase 13 comparison row.","expected_operational_metadata","high","owner","owner-confirmation-required-before-cutover","5a766b5eea126bda48eb62d037fef8478dcda02ec82ea11f9b02b0f48d6ba171","","","",""
"p14-production-only-c82838b283ff20930a51c847","editorial-target","editorial-target:2ac661560dbf8090c55ac0f7","ca8436c4c77ac8baafce84b54d365f087ea26950b43e0f8185e3819b899dda86","private:normalized.v1.json#contentRecords/editorial-target:2ac661560dbf8090c55ac0f7","Current editorial control metadata represents a matched imported target but has no separate Phase 13 comparison row.","expected_operational_metadata","high","owner","owner-confirmation-required-before-cutover","1988f8d88262f5d773f6e32a5862123a8fcec0d31a213e0b20a2f9cb50c9c737","","","",""
"p14-production-only-cb0f2e990fb9830cd0e3088e","editorial-target","editorial-target:f132ba553b4dbcc8c9fa43af","ea91ab01ef545d798b4e6ee60599a1c52e175a51cbe7e388d5cf187b626275f9","private:normalized.v1.json#contentRecords/editorial-target:f132ba553b4dbcc8c9fa43af","Current editorial control metadata represents a matched imported target but has no separate Phase 13 comparison row.","expected_operational_metadata","high","owner","owner-confirmation-required-before-cutover","cd5a3cb15ce669d644f076b914bd0dc4bde77d9d954155c5bf9b03ded10b61ef","","","",""
"p14-production-only-cbd42ecb5317ce562bdd7337","editorial-redirect","editorial-redirect:7f442186157260620a94e07d","7f01124ea739f0fd2438d3547ef0518c0db04a70d7509d4a7db1e5b2b2de89a6","private:normalized.v1.json#contentRecords/editorial-redirect:7f442186157260620a94e07d","Current redirect decision metadata is expected system state outside the Phase 13 target/asset comparison set; it is not an active redirect.","expected_system_record","high","owner","redirect-disposition-confirmation-required","05cd5bd491ed4391256a86f6d55846ce720a7e0aba506e5513ec943ef148409f","","","",""
"p14-production-only-cde7f07d67137a5e36b6d539","editorial-redirect","editorial-redirect:a9a268cdc38f75431237c077","adf955e4f62247311dfb3cf36924245546106729c50558b5c8f69519d49210e2","private:normalized.v1.json#contentRecords/editorial-redirect:a9a268cdc38f75431237c077","Current redirect decision metadata is expected system state outside the Phase 13 target/asset comparison set; it is not an active redirect.","expected_system_record","high","owner","redirect-disposition-confirmation-required","f67df3124e611afdf02ce4983d7edf76aeaac6dae7091a120861610be8c0b33d","","","",""
"p14-production-only-d0f8ca437dd7067b731b6f14","editorial-target","editorial-target:d79f18246992c59429239054","f53fe678822571ebf250f0b1afd77cbe0e57d48c4afff5e05475386ec471b581","private:normalized.v1.json#contentRecords/editorial-target:d79f18246992c59429239054","Current editorial control metadata represents a matched imported target but has no separate Phase 13 comparison row.","expected_operational_metadata","high","owner","owner-confirmation-required-before-cutover","e657377bdc4acb8f548a4629884f946f80dd59ec31fed9c0db9e8907997a3d52","","","",""
"p14-production-only-d29dfb9d87a70b2cccb92f95","editorial-redirect","editorial-redirect:46a1665ac9f94f24199900da","b01abe26e0c7af6a40a75f2708962daf41b29de7141f5382bb703cff2cb320af","private:normalized.v1.json#contentRecords/editorial-redirect:46a1665ac9f94f24199900da","Current redirect decision metadata is expected system state outside the Phase 13 target/asset comparison set; it is not an active redirect.","expected_system_record","high","owner","redirect-disposition-confirmation-required","61c04e6525493a587c2f02bfbec3507b8f1d4456cc3e5c56eac6a9f27f137d88","","","",""
"p14-production-only-d341a3076975fe55d35a6ad6","editorial-redirect","editorial-redirect:30aa29e9fc57c62b1edf2b17","dfc2bae034f1aaa7b8e1984a30a9aec9e90df2a72c714757b287f52b53f7ccee","private:normalized.v1.json#contentRecords/editorial-redirect:30aa29e9fc57c62b1edf2b17","Current redirect decision metadata is expected system state outside the Phase 13 target/asset comparison set; it is not an active redirect.","expected_system_record","high","owner","redirect-disposition-confirmation-required","53d260c85214e6d90b5df7329b33faa41b62f380d9c96c5945ec5c819b0f1f8d","","","",""
"p14-production-only-d53c689bd2e9b234c493c4fc","editorial-redirect","editorial-redirect:69987258f8e4424b923b322e","1247e59cd032bfcc0bd3d1bf8044d0d081915230adbe677a0b7baf1889ce29a4","private:normalized.v1.json#contentRecords/editorial-redirect:69987258f8e4424b923b322e","Current redirect decision metadata is expected system state outside the Phase 13 target/asset comparison set; it is not an active redirect.","expected_system_record","high","owner","redirect-disposition-confirmation-required","c28804c7a08b151c949c3546bda0c023131dcbe080b11da26a553f53d5554e62","","","",""
"p14-production-only-d57bad73b0ef029578bc8185","editorial-redirect","editorial-redirect:78b9056387e8680be6e48410","5116e17d9509edaf356817b81a157306e95e5544c912455162eb30f30bd0aeec","private:normalized.v1.json#contentRecords/editorial-redirect:78b9056387e8680be6e48410","Current redirect decision metadata is expected system state outside the Phase 13 target/asset comparison set; it is not an active redirect.","expected_system_record","high","owner","redirect-disposition-confirmation-required","55e7348b131de6f3e41f32fb48c16fc1d1d11bbdbc6f5efa97f9a716412994c3","","","",""
"p14-production-only-d69255dc8007c9dc91f70cce","editorial-target","editorial-target:ce8d35ec630cad43fccdf331","d5eee39ed1c8388340a3055ea6d7895034b31b561a95dba60dd1f28029283cac","private:normalized.v1.json#contentRecords/editorial-target:ce8d35ec630cad43fccdf331","Current editorial control metadata represents a matched imported target but has no separate Phase 13 comparison row.","expected_operational_metadata","high","owner","owner-confirmation-required-before-cutover","f89bbe658305a3bff973c644872643d8e379400af6149c3ba9feed90bf80f889","","","",""
"p14-production-only-d9cf5aaa0a441e54ac0171d1","editorial-redirect","editorial-redirect:87b1c051a38772e8e24e8e23","59e1152b5ac13d60b2a0de249cbee8683fb93752f50681f671a6bbfc8950accc","private:normalized.v1.json#contentRecords/editorial-redirect:87b1c051a38772e8e24e8e23","Current redirect decision metadata is expected system state outside the Phase 13 target/asset comparison set; it is not an active redirect.","expected_system_record","high","owner","redirect-disposition-confirmation-required","218b50b61226a33747fff946f3a71e04ad2b85f009b99e9ff57482d5ecbdbdc4","","","",""
"p14-production-only-d9e3009087920584b955b819","editorial-redirect","editorial-redirect:c6df3b90e27c0c3a961d3a7c","632692a374a79baeb6fcceac454e55eaeb8da9f340414547744096d2ef261449","private:normalized.v1.json#contentRecords/editorial-redirect:c6df3b90e27c0c3a961d3a7c","Current redirect decision metadata is expected system state outside the Phase 13 target/asset comparison set; it is not an active redirect.","expected_system_record","high","owner","redirect-disposition-confirmation-required","805d35c107cdc789cc4c65bd9d038051edef5c39b216f887c4c63cf97aa9a1b9","","","",""
"p14-production-only-daf1d5dd95bf0981d6b7dab1","editorial-redirect","editorial-redirect:fe0ccde47caffb93c5ceed8b","cc4182b6c763ce108bb61c0bd5ff78a8c034f40e6d8d778414f952918616f259","private:normalized.v1.json#contentRecords/editorial-redirect:fe0ccde47caffb93c5ceed8b","Current redirect decision metadata is expected system state outside the Phase 13 target/asset comparison set; it is not an active redirect.","expected_system_record","high","owner","redirect-disposition-confirmation-required","12ca7b0f63f79ef202738e8c7e932798fef96788e992f81f863413409db69b9d","","","",""
"p14-production-only-dde9c521e0e252d28f371c7b","editorial-target","editorial-target:d4cb72aaea43fe96ee269624","6c6c72a96f86ce344e3fda10b11feb1ef3d4fbc21d91b085d6acb9f53ae7f8ef","private:normalized.v1.json#contentRecords/editorial-target:d4cb72aaea43fe96ee269624","Current editorial control metadata represents a matched imported target but has no separate Phase 13 comparison row.","expected_operational_metadata","high","owner","owner-confirmation-required-before-cutover","7e527396ffb9b05c1443ca54e0e3ad1f81043a842d140ec0b19f28ae7f0f6ee6","","","",""
"p14-production-only-df195ec34bade69a7be903e8","editorial-redirect","editorial-redirect:49eaa6e8d59abb42852b0c9b","58447bf242879b672ed8c652bfc3f82ec2c49aa56a15b8b7568f6bd48567f18b","private:normalized.v1.json#contentRecords/editorial-redirect:49eaa6e8d59abb42852b0c9b","Current redirect decision metadata is expected system state outside the Phase 13 target/asset comparison set; it is not an active redirect.","expected_system_record","high","owner","redirect-disposition-confirmation-required","adffb630cd313f1e79791424f9575e8f0f26964e24d457e456de1f415ff0d355","","","",""
"p14-production-only-df61b5086941d4b2d6eed517","editorial-target","editorial-target:b5bbcd2522987dbc5cdb530e","818e53171ddd69a027265052c4ef16510fb63b0bc1d58ce8b64d69c18bec253d","private:normalized.v1.json#contentRecords/editorial-target:b5bbcd2522987dbc5cdb530e","Current editorial control metadata represents a matched imported target but has no separate Phase 13 comparison row.","expected_operational_metadata","high","owner","owner-confirmation-required-before-cutover","2c4d58bcd4274d11c6b36728f3ce12f374132bb3107eb8525a22225bf2412423","","","",""
"p14-production-only-e171a1fda421fb113877492a","activity","activity:37ecef9601a93d6478a06e1d","49f2a75d691fddbcecf0e93f0f8a5a4a9217df37b2b50bc4fd14e94e0150637e","private:normalized.v1.json#contentRecords/activity:37ecef9601a93d6478a06e1d","The Activity exists in current production but is not one of the 70 Phase 13 imported target identities.","requires_owner_confirmation","medium","owner","content-confirmation-required","9ef336cc81f3676c09508fe54e3d47beeb30d9485b522af6b4bab21b8e63b4cd","","","",""
"p14-production-only-e405b73127a2354bce53ef2c","editorial-redirect","editorial-redirect:e65ef737e5babffdfd50e74f","3086940cd9783f4be80ca0f0dff23c898f6c834d5db47239e6fa66f93e204f58","private:normalized.v1.json#contentRecords/editorial-redirect:e65ef737e5babffdfd50e74f","Current redirect decision metadata is expected system state outside the Phase 13 target/asset comparison set; it is not an active redirect.","expected_system_record","high","owner","redirect-disposition-confirmation-required","c786a6ee333359b07c0e251bc57965c976a9760173a665170f41b0f7c14a7143","","","",""
"p14-production-only-e579597e3d9639d14a4ac437","editorial-target","editorial-target:cdadc7279b4d6c96a437b71c","2181328de43b4dd52fa761a07ffe6301df414bf29e5f190a816fb3aad5d17743","private:normalized.v1.json#contentRecords/editorial-target:cdadc7279b4d6c96a437b71c","Current editorial control metadata represents a matched imported target but has no separate Phase 13 comparison row.","expected_operational_metadata","high","owner","owner-confirmation-required-before-cutover","35c3eeb87e1196905cef422860fecb2782817ed2d17031738eacd7aeaaf939cc","","","",""
"p14-production-only-e5e6bc3f78ed927a05bb1479","editorial-target","editorial-target:a5f34793db66cb4303d84c04","5e24f2e93a3040107d2572f0b84f99aa99b2880ffa253d2e66eab1e74a719a67","private:normalized.v1.json#contentRecords/editorial-target:a5f34793db66cb4303d84c04","Current editorial control metadata represents a matched imported target but has no separate Phase 13 comparison row.","expected_operational_metadata","high","owner","owner-confirmation-required-before-cutover","8510049003999c1fe3dd8999c2188512d4aee9e406fcfd74955f435978dc6e7b","","","",""
"p14-production-only-e7137af7d6bd384632913e7b","editorial-redirect","editorial-redirect:7e7fbfc1543b036b6bd74e03","9db1572dc01b7f35c280b69f3dcdd5f078e3369ebe50da54edc7e93f1d93d797","private:normalized.v1.json#contentRecords/editorial-redirect:7e7fbfc1543b036b6bd74e03","Current redirect decision metadata is expected system state outside the Phase 13 target/asset comparison set; it is not an active redirect.","expected_system_record","high","owner","redirect-disposition-confirmation-required","615922f8103d63b13ad12d254777db2a6b89074a4413d19cb27d8f6852c786e3","","","",""
"p14-production-only-eb506e6de218f9bb4d5731a0","editorial-redirect","editorial-redirect:f7d69d03892c88fe44546374","70be9c41c2978af4e4a4da89a665caa61085ee1914440a13145dee8b6e9fcdb7","private:normalized.v1.json#contentRecords/editorial-redirect:f7d69d03892c88fe44546374","Current redirect decision metadata is expected system state outside the Phase 13 target/asset comparison set; it is not an active redirect.","expected_system_record","high","owner","redirect-disposition-confirmation-required","d6b10d97a61e326b8f7d479cb8b4a7cc981a642775d97971dee21ae4972dd998","","","",""
"p14-production-only-ee39695ff5c4c2303cd3bf46","editorial-target","editorial-target:e3305fd8539b73bbab4c98a9","3d01a3480e74ec6945e4c22bcc7fdebd125d0761974eaa2ca6a6f8824d744725","private:normalized.v1.json#contentRecords/editorial-target:e3305fd8539b73bbab4c98a9","Current editorial control metadata represents a matched imported target but has no separate Phase 13 comparison row.","expected_operational_metadata","high","owner","owner-confirmation-required-before-cutover","dfda7c036240ca4a703f62e0769ab7818c2099443b5d095bab677f161e05f426","","","",""
"p14-production-only-eea01df85a1ecb1f3bde0f1e","editorial-redirect","editorial-redirect:4e4a469fd037209bc1211d36","90eba9ec049adc87b39ae5820f568098980a5d08cf94cbee347cfe688f058c9b","private:normalized.v1.json#contentRecords/editorial-redirect:4e4a469fd037209bc1211d36","Current redirect decision metadata is expected system state outside the Phase 13 target/asset comparison set; it is not an active redirect.","expected_system_record","high","owner","redirect-disposition-confirmation-required","826ae536e06a82c6018cdc8d149286b7de42b3480d5826e1979b7cb6f39313bd","","","",""
"p14-production-only-f12a88696d55d42c520f65cb","editorial-redirect","editorial-redirect:4bd6d89dcecdfa323ad95c30","141cd8ffd80bb0743e9fea9b718e8e7ab6fb34de0c14c62d7920e169ba43d610","private:normalized.v1.json#contentRecords/editorial-redirect:4bd6d89dcecdfa323ad95c30","Current redirect decision metadata is expected system state outside the Phase 13 target/asset comparison set; it is not an active redirect.","expected_system_record","high","owner","redirect-disposition-confirmation-required","744f0bec254a90adffa96ba99a4ae995298a008a006ba787fafa3c74f3d26a7e","","","",""
"p14-production-only-f3d3f3ba6d36f95e3d42fd20","editorial-redirect","editorial-redirect:b14a33b7e6940dd9c789647e","8cf3770a2a161357eb6a86b0a411ee5b0b5457245dd0cf4ad23098deb73b1166","private:normalized.v1.json#contentRecords/editorial-redirect:b14a33b7e6940dd9c789647e","Current redirect decision metadata is expected system state outside the Phase 13 target/asset comparison set; it is not an active redirect.","expected_system_record","high","owner","redirect-disposition-confirmation-required","b0d8cccd113a80e2b7d5b44359bfb7132cbeff64358867b0466b1f132f01b23e","","","",""
"p14-production-only-f4c6f29c358af06b89bbb823","editorial-redirect","editorial-redirect:bf953e5a91bb9be4968e3b88","bb152749e65e635aebb4cbb52f48b364fc476ed4f3a4714bba04c4ce356e8f2f","private:normalized.v1.json#contentRecords/editorial-redirect:bf953e5a91bb9be4968e3b88","Current redirect decision metadata is expected system state outside the Phase 13 target/asset comparison set; it is not an active redirect.","expected_system_record","high","owner","redirect-disposition-confirmation-required","5e7f8d09aaaadda9b5f4a958730e18a1008aa8b8ba2fd25a01a7aae6b65c79d5","","","",""
"p14-production-only-f4f44d1736ab841f8cd8e788","editorial-redirect","editorial-redirect:64d2d5bb6bd99324961f55e2","dc53da454c2227e0feaab9b0a36d34abd29df4dacc7d6886ff45eedf49ea49ec","private:normalized.v1.json#contentRecords/editorial-redirect:64d2d5bb6bd99324961f55e2","Current redirect decision metadata is expected system state outside the Phase 13 target/asset comparison set; it is not an active redirect.","expected_system_record","high","owner","redirect-disposition-confirmation-required","ce5b991b9fc66a26b5d400c6154d2eb13793d0e193e7463d5a715e9d173f8ca3","","","",""
"p14-production-only-f6b59989aa55a682964eba95","editorial-redirect","editorial-redirect:325b59dd1e614bbb89c79cae","710dc5c1c004efbea2c783e57445ce567e20ac2bb7dc945583a8e481607580b7","private:normalized.v1.json#contentRecords/editorial-redirect:325b59dd1e614bbb89c79cae","Current redirect decision metadata is expected system state outside the Phase 13 target/asset comparison set; it is not an active redirect.","expected_system_record","high","owner","redirect-disposition-confirmation-required","0ae2fdec7b76b7d3d579baeb1b7556c655403b31b429a41624cfd6c31878b38e","","","",""
"p14-production-only-fada58b88129ac4f292567de","editorial-redirect","editorial-redirect:d08766876811aa52148c0cb4","d6be18fe18ad6c9abf3d741e7a73f64503c9a92d17a6c95fda8da844c91645a0","private:normalized.v1.json#contentRecords/editorial-redirect:d08766876811aa52148c0cb4","Current redirect decision metadata is expected system state outside the Phase 13 target/asset comparison set; it is not an active redirect.","expected_system_record","high","owner","redirect-disposition-confirmation-required","3f76caf31cc31d4884047e35bf60b35a21860dc683932dd647ad00ba7f0a5527","","","",""
"p14-production-only-fc87eb118d376bcc9edc3cd7","editorial-target","editorial-target:6109b3259fbd661e6c81e4ce","d3bf2f52de3f915b178d7d2c5ade2814b894370bcf5434c31043cbc3a3b60de5","private:normalized.v1.json#contentRecords/editorial-target:6109b3259fbd661e6c81e4ce","Current editorial control metadata represents a matched imported target but has no separate Phase 13 comparison row.","expected_operational_metadata","high","owner","owner-confirmation-required-before-cutover","1a65d37cf6e1018899ac41368689ad137bdc0799d1ac0e61a725e3f1b54f15b8","","","",""
"p14-production-only-fcfcb5a68cc00cbdad07ca26","editorial-target","editorial-target:790adfc6b4aa132a3d457628","3965ed2a58aedce1a5b83db8658db6a3c5f93615e9189690f175ddb5577bea7a","private:normalized.v1.json#contentRecords/editorial-target:790adfc6b4aa132a3d457628","Current editorial control metadata represents a matched imported target but has no separate Phase 13 comparison row.","expected_operational_metadata","high","owner","owner-confirmation-required-before-cutover","255c5245b0905f921f2a136e0257b5d44b27d334d71aae381a31a6b2490008ba","","","",""
"p14-production-only-fd833ec61210182022d6963f","activity","activity:9072619e29f40cba3e34eb12","2f640bbd2cd831d509d91c941cdd9684fcb91b872aa69d306779e7175530d388","private:normalized.v1.json#contentRecords/activity:9072619e29f40cba3e34eb12","The Activity exists in current production but is not one of the 70 Phase 13 imported target identities.","requires_owner_confirmation","medium","owner","content-confirmation-required","58e64107ef65baa78383d250fd31f95cbb2e445d5e7ad9941dd0c366453fd243","","","",""
"p14-production-only-fecd5d61d21bbd44732c7f60","editorial-target","editorial-target:e38a4551d1efe4b08d94f693","2d78f13c128d042f98925d5c4d21a8ac9d9823af5489e772cb74bb53d92b8af4","private:normalized.v1.json#contentRecords/editorial-target:e38a4551d1efe4b08d94f693","Current editorial control metadata represents a matched imported target but has no separate Phase 13 comparison row.","expected_operational_metadata","high","owner","owner-confirmation-required-before-cutover","3bfa32e81ede0d69697a992f773db32827a55078eed8d33e927685d506bd7b12","","","",""
"p14-production-only-ff2a3a678455e82a7ad0a5fc","editorial-target","editorial-target:31b35417727aee618a55f99e","8bed51261015a957ba1dcb51f5fcadc2ee87c6b22c0d5c0aa525c0aff0b3d75d","private:normalized.v1.json#contentRecords/editorial-target:31b35417727aee618a55f99e","Current editorial control metadata represents a matched imported target but has no separate Phase 13 comparison row.","expected_operational_metadata","high","owner","owner-confirmation-required-before-cutover","565e307f7e77c0dfe2865456abef93adfe33f9971948bd8824380b0f5e94b5b2","","","",""
