stableRowId,canonicalRelationshipId,sourceIdentity,productionIdentity,sourceEvidence,productionEvidenceHash,currentAutomatedClassification,whyAutomationCannotDecide,availableOptions,optionConsequences,recommendedTechnicalAction,auditFingerprint,ownerDecision,ownerNotes,reviewer,reviewedAt,followUpStatus,cutoverBlocker
"p14-exception-1c10a9f3e84b0988fce20cdf","not-applicable","not-applicable","content:69fb8252691fceb74954ffdf","schemas/phase14/production-inventory-export.v1.schema.json#contentRecord","a67492674fa2e8dfdf3f2dc6384212f775d14c939c734333ddb02ad7a54a50d3","unknown_visibility_classification","The sanitized record has a non-applicable publication state and an unknown visibility value; automation cannot supply a business visibility decision.","confirm-expected-system-record | requires-admin-confirmation | requires-technical-followup | defer | block-cutover","Confirmation treats the record as expected system metadata; admin/technical follow-up gathers more evidence; defer keeps Gate 3 open; block-cutover prevents Gate 4.","Have the owner and administrator confirm the singleton system-record classification without changing production.","ddd6d8025541fa8c942225573e978f1ca39f1b2bc9dd3b6b466c27fe5a19fdcb","","","","","awaiting-owner","pending-owner-review"
"p14-exception-3b64d356ca833e9d92b56b44","multiple-assignment-group:92f513b6441f62ef09343bd9","source:e75a1fc966c20d98640908ca","production-source-group:e75a1fc966c20d98640908ca","outputs/phase-13-asset-classification.csv#multiple-assignment-group","0e453280b4dec726e0ad43ce3f0a8c8e027bc0434c5b7dbdb225697adaa3f32a","multiple_assignment_group","One source identity is intentionally referenced by multiple assignments; metadata can prove the group but not the owner intent for every use.","confirm-multiple-assignment | split-owner | replace | remigrate | defer | block-cutover","Confirm preserves all assignments; split/replace/remigrate requires later authorized work; defer keeps Gate 3 open; block-cutover prevents Gate 4.","Compare every related owner/role in the 405-row review and preserve current production state until the owner decides.","99dc2446031a82fd3d73915b69fe04dd9743a5c58036efff73a88cd61b5d07cb","","","","","awaiting-owner","pending-owner-review"
"p14-exception-4461ae15b6d3f3eb0ebacfa5","multiple-assignment-group:18e7f201a7f12638a55584a4","source:bcf78b94341899e547caa839","production-source-group:bcf78b94341899e547caa839","outputs/phase-13-asset-classification.csv#multiple-assignment-group","459684a8a97363c4f02ba190f7a092a41a9c442dde2f53fce7fe2ffb58ac8ddb","multiple_assignment_group","One source identity is intentionally referenced by multiple assignments; metadata can prove the group but not the owner intent for every use.","confirm-multiple-assignment | split-owner | replace | remigrate | defer | block-cutover","Confirm preserves all assignments; split/replace/remigrate requires later authorized work; defer keeps Gate 3 open; block-cutover prevents Gate 4.","Compare every related owner/role in the 405-row review and preserve current production state until the owner decides.","27853efc0f13452a66993313fe6c0059f4f780797bb5e5ccf6fea6f1e149e387","","","","","awaiting-owner","pending-owner-review"
"p14-exception-4cb47160a8f443cd6b8a1db6","multiple-assignment-group:9e64486dfd7ccd8bf912e70e","source:25da87428c83b853858e6ebc","production-source-group:25da87428c83b853858e6ebc","outputs/phase-13-asset-classification.csv#multiple-assignment-group","6631398d1885db948d0f4a4d9f358ffb6d40db25a8298e3e5d3e1e40fc967f85","multiple_assignment_group","One source identity is intentionally referenced by multiple assignments; metadata can prove the group but not the owner intent for every use.","confirm-multiple-assignment | split-owner | replace | remigrate | defer | block-cutover","Confirm preserves all assignments; split/replace/remigrate requires later authorized work; defer keeps Gate 3 open; block-cutover prevents Gate 4.","Compare every related owner/role in the 405-row review and preserve current production state until the owner decides.","7818ed74c96a81057950ae62be7ffe98c0c7b50b5c8cb27648d41d6fc135e994","","","","","awaiting-owner","pending-owner-review"
"p14-exception-6650d5bc174ab21eabe0880b","multiple-assignment-group:be67e2844c3b483b5b168470","source:98b79a1e0149bbf8054b7f5a","production-source-group:98b79a1e0149bbf8054b7f5a","outputs/phase-13-asset-classification.csv#multiple-assignment-group","50b0742e98f8cb474a2571952b5198c2674336cdeae1d5d88705841a4bcada67","multiple_assignment_group","One source identity is intentionally referenced by multiple assignments; metadata can prove the group but not the owner intent for every use.","confirm-multiple-assignment | split-owner | replace | remigrate | defer | block-cutover","Confirm preserves all assignments; split/replace/remigrate requires later authorized work; defer keeps Gate 3 open; block-cutover prevents Gate 4.","Compare every related owner/role in the 405-row review and preserve current production state until the owner decides.","bcb26d94cc8f45f847dac3e6f2338d96539e0e1bb4a5c32a5b8df54b05f4a168","","","","","awaiting-owner","pending-owner-review"
"p14-exception-a847b04bfc4a9970983a82d3","multiple-assignment-group:33b1d706dcbdd57cbe46a5ea","source:0f45ea797ea6a5e8ebb7d687","production-source-group:0f45ea797ea6a5e8ebb7d687","outputs/phase-13-asset-classification.csv#multiple-assignment-group","9758ff077a5a1f38d8761f37cebd998b6e60cef6e1476bca81262349ae240da6","multiple_assignment_group","One source identity is intentionally referenced by multiple assignments; metadata can prove the group but not the owner intent for every use.","confirm-multiple-assignment | split-owner | replace | remigrate | defer | block-cutover","Confirm preserves all assignments; split/replace/remigrate requires later authorized work; defer keeps Gate 3 open; block-cutover prevents Gate 4.","Compare every related owner/role in the 405-row review and preserve current production state until the owner decides.","9d3583fa05106fd169ed00a47d4d24fe5745ac1165622754469ba9d69c964a9a","","","","","awaiting-owner","pending-owner-review"
"p14-exception-ae40300a8e478b698b0af825","multiple-assignment-group:01205d414dc24c5b31918b99","source:d194a1f7bbe25dc49ac01009","production-source-group:d194a1f7bbe25dc49ac01009","outputs/phase-13-asset-classification.csv#multiple-assignment-group","e36e9ff7c9230ddf4ce735c2d826b96d18797936157acc2c34035e2d57971330","multiple_assignment_group","One source identity is intentionally referenced by multiple assignments; metadata can prove the group but not the owner intent for every use.","confirm-multiple-assignment | split-owner | replace | remigrate | defer | block-cutover","Confirm preserves all assignments; split/replace/remigrate requires later authorized work; defer keeps Gate 3 open; block-cutover prevents Gate 4.","Compare every related owner/role in the 405-row review and preserve current production state until the owner decides.","ae9bbd49de04d3462dc19f905a6399f7c349875c8274eee16d73c9edb43052c0","","","","","awaiting-owner","pending-owner-review"
"p14-exception-d0c187830ca6439c1b8904c7","multiple-assignment-group:bbdef9faeb7e42ef88de0b7f","source:7d8ae901e86ebb7be112339a","production-source-group:7d8ae901e86ebb7be112339a","outputs/phase-13-asset-classification.csv#multiple-assignment-group","45af8a2102fc651cfa619fec8c14e34e817bb0144bd288233959a91feb69355f","multiple_assignment_group","One source identity is intentionally referenced by multiple assignments; metadata can prove the group but not the owner intent for every use.","confirm-multiple-assignment | split-owner | replace | remigrate | defer | block-cutover","Confirm preserves all assignments; split/replace/remigrate requires later authorized work; defer keeps Gate 3 open; block-cutover prevents Gate 4.","Compare every related owner/role in the 405-row review and preserve current production state until the owner decides.","aa4df8782b092c86dc0ac36befa0480e295b0bca766aea7bb68ab28a64d1ec5c","","","","","awaiting-owner","pending-owner-review"
"p14-exception-d6b5cca57fa3addc949156c2","multiple-assignment-group:a5e71d3456a03e632cd92b36","source:4001e40f391a2334089c4fb5","production-source-group:4001e40f391a2334089c4fb5","outputs/phase-13-asset-classification.csv#multiple-assignment-group","2dd7aea14f4cfe182aff8623491b333c7581826d3b2cb2fb44e3f3b44fc0c3e8","multiple_assignment_group","One source identity is intentionally referenced by multiple assignments; metadata can prove the group but not the owner intent for every use.","confirm-multiple-assignment | split-owner | replace | remigrate | defer | block-cutover","Confirm preserves all assignments; split/replace/remigrate requires later authorized work; defer keeps Gate 3 open; block-cutover prevents Gate 4.","Compare every related owner/role in the 405-row review and preserve current production state until the owner decides.","8128133d8152f93540a0a8cbdb69c1c7201537994c9ecad00461ec5a9eefa7c5","","","","","awaiting-owner","pending-owner-review"
